job_id,title,url
4092231186,Software Engineer 1 - Backend,https://www.linkedin.com/jobs/view/4092231186/?eBP=NON_CHARGEABLE_CHANNEL&refId=AYl9%2FsO2EZl8achQY8cWrQ%3D%3D&trackingId=v9%2BbMUh%2FBV3cUwA35Eso%2Bg%3D%3D&trk=flagship3_search_srp_jobs
4184542783,Software Engineer 1 - Frontend,https://www.linkedin.com/jobs/view/4184542783/?eBP=NON_CHARGEABLE_CHANNEL&refId=AYl9%2FsO2EZl8achQY8cWrQ%3D%3D&trackingId=Rgb5Sd0NuVn9WdTuMfbciw%3D%3D&trk=flagship3_search_srp_jobs
4184544485,Software Engineer 2 - Backend,https://www.linkedin.com/jobs/view/4184544485/?eBP=NON_CHARGEABLE_CHANNEL&refId=AYl9%2FsO2EZl8achQY8cWrQ%3D%3D&trackingId=03f5Uy0EUAKVxLw%2BskL%2Bhw%3D%3D&trk=flagship3_search_srp_jobs
4092225931,Software Engineer 1 - Fullstack,https://www.linkedin.com/jobs/view/4092225931/?eBP=NON_CHARGEABLE_CHANNEL&refId=AYl9%2FsO2EZl8achQY8cWrQ%3D%3D&trackingId=S39QeUldiGfQC4gbX84QzA%3D%3D&trk=flagship3_search_srp_jobs
4181115449,Software Engineer I - Fullstack,https://www.linkedin.com/jobs/view/4181115449/?eBP=NON_CHARGEABLE_CHANNEL&refId=AYl9%2FsO2EZl8achQY8cWrQ%3D%3D&trackingId=qTcjgNhQ9anwl2rovo83kg%3D%3D&trk=flagship3_search_srp_jobs
4169915995,Software Engineer - Backend,https://www.linkedin.com/jobs/view/4169915995/?eBP=NON_CHARGEABLE_CHANNEL&refId=AYl9%2FsO2EZl8achQY8cWrQ%3D%3D&trackingId=HJbVyRgaWQ11u%2F7z2anOAA%3D%3D&trk=flagship3_search_srp_jobs
4184547051,Software Engineer 2 - Frontend,https://www.linkedin.com/jobs/view/4184547051/?eBP=NON_CHARGEABLE_CHANNEL&refId=AYl9%2FsO2EZl8achQY8cWrQ%3D%3D&trackingId=v%2FFvHHyt3cCFW0JrHAUD6w%3D%3D&trk=flagship3_search_srp_jobs
3807192815,Software Engineer - Fullstack,https://www.linkedin.com/jobs/view/3807192815/?eBP=NON_CHARGEABLE_CHANNEL&refId=AYl9%2FsO2EZl8achQY8cWrQ%3D%3D&trackingId=oQtCmiE6C4ZJvNdPpB3tqQ%3D%3D&trk=flagship3_search_srp_jobs
4161014986,Software Engineer - Frontend,https://www.linkedin.com/jobs/view/4161014986/?eBP=NON_CHARGEABLE_CHANNEL&refId=AYl9%2FsO2EZl8achQY8cWrQ%3D%3D&trackingId=aBCUTXEM06EDUdmtFNZVtA%3D%3D&trk=flagship3_search_srp_jobs
3990617837,Front-End - Software Engineer,https://www.linkedin.com/jobs/view/3990617837/?eBP=NON_CHARGEABLE_CHANNEL&refId=AYl9%2FsO2EZl8achQY8cWrQ%3D%3D&trackingId=ycFB1T5GIScUYqSR2pE3wg%3D%3D&trk=flagship3_search_srp_jobs
4199447567,Senior Software Engineer 1 - Backend,https://www.linkedin.com/jobs/view/4199447567/?eBP=NON_CHARGEABLE_CHANNEL&refId=AYl9%2FsO2EZl8achQY8cWrQ%3D%3D&trackingId=kcIqIGBMLFA41mlMVBODGg%3D%3D&trk=flagship3_search_srp_jobs
4199450170,Senior Software Engineer 1 - Fullstack,https://www.linkedin.com/jobs/view/4199450170/?eBP=NON_CHARGEABLE_CHANNEL&refId=AYl9%2FsO2EZl8achQY8cWrQ%3D%3D&trackingId=uzaZGDrrJQlOhYCS7bOwSA%3D%3D&trk=flagship3_search_srp_jobs
3870520882,Software Engineer 2 - Fullstack,https://www.linkedin.com/jobs/view/3870520882/?eBP=NON_CHARGEABLE_CHANNEL&refId=AYl9%2FsO2EZl8achQY8cWrQ%3D%3D&trackingId=dUveHottCTdr87D%2FGlIaVw%3D%3D&trk=flagship3_search_srp_jobs
3737646412,DevSecOps Engineer,https://www.linkedin.com/jobs/view/3737646412/?eBP=NON_CHARGEABLE_CHANNEL&refId=AYl9%2FsO2EZl8achQY8cWrQ%3D%3D&trackingId=Gce6aLahhj1WQ9h71ssreQ%3D%3D&trk=flagship3_search_srp_jobs
4199450164,Senior Software Engineer 1,https://www.linkedin.com/jobs/view/4199450164/?eBP=NON_CHARGEABLE_CHANNEL&refId=AYl9%2FsO2EZl8achQY8cWrQ%3D%3D&trackingId=25favcPKijV9mBsXXGppRQ%3D%3D&trk=flagship3_search_srp_jobs
3977219749,Senior Software Engineer 1 - Frontend,https://www.linkedin.com/jobs/view/3977219749/?eBP=NON_CHARGEABLE_CHANNEL&refId=AYl9%2FsO2EZl8achQY8cWrQ%3D%3D&trackingId=CgJ%2FnNEPJcS5L0oc3c4fkg%3D%3D&trk=flagship3_search_srp_jobs
3936157629,Software Engineer (Mekari Qontak),https://www.linkedin.com/jobs/view/3936157629/?eBP=NON_CHARGEABLE_CHANNEL&refId=AYl9%2FsO2EZl8achQY8cWrQ%3D%3D&trackingId=nlF3f5s3CiptLhfccVw3bQ%3D%3D&trk=flagship3_search_srp_jobs
4092229605,Software Engineer 2,https://www.linkedin.com/jobs/view/4092229605/?eBP=NON_CHARGEABLE_CHANNEL&refId=AYl9%2FsO2EZl8achQY8cWrQ%3D%3D&trackingId=gsUuccQai6fwQOcbTcZ9fw%3D%3D&trk=flagship3_search_srp_jobs
3998502390,Lead Software Engineer,https://www.linkedin.com/jobs/view/3998502390/?eBP=NON_CHARGEABLE_CHANNEL&refId=AYl9%2FsO2EZl8achQY8cWrQ%3D%3D&trackingId=Q6TVD4cKVeVLwwmV6KuG3w%3D%3D&trk=flagship3_search_srp_jobs
3955564044,Software Engineer (Financial Service),https://www.linkedin.com/jobs/view/3955564044/?eBP=NON_CHARGEABLE_CHANNEL&refId=AYl9%2FsO2EZl8achQY8cWrQ%3D%3D&trackingId=rtfpS942FmKrUxKdRDO2Ug%3D%3D&trk=flagship3_search_srp_jobs
3902053352,Principal Software Engineer 1,https://www.linkedin.com/jobs/view/3902053352/?eBP=NON_CHARGEABLE_CHANNEL&refId=AYl9%2FsO2EZl8achQY8cWrQ%3D%3D&trackingId=%2BOXURSmbD%2B67iA9WcCTbOA%3D%3D&trk=flagship3_search_srp_jobs
3904059356,Senior Software Engineer 2,https://www.linkedin.com/jobs/view/3904059356/?eBP=NON_CHARGEABLE_CHANNEL&refId=AYl9%2FsO2EZl8achQY8cWrQ%3D%3D&trackingId=nua2BjbiMwlOqJAVGecZkw%3D%3D&trk=flagship3_search_srp_jobs
4183783769,Next Level Internship,https://www.linkedin.com/jobs/view/4183783769/?eBP=NON_CHARGEABLE_CHANNEL&refId=AYl9%2FsO2EZl8achQY8cWrQ%3D%3D&trackingId=SKvtMNxAPlC6VtX25icvEw%3D%3D&trk=flagship3_search_srp_jobs
4199448479,Solution Engineer Intern - Yogyakarta Placement (Next Level Internship),https://www.linkedin.com/jobs/view/4199448479/?eBP=NON_CHARGEABLE_CHANNEL&refId=AYl9%2FsO2EZl8achQY8cWrQ%3D%3D&trackingId=WA9MAxbkEtaO9AnzOqf4lg%3D%3D&trk=flagship3_search_srp_jobs
4094464963,Marketing Analytics Specialist,https://www.linkedin.com/jobs/view/4094464963/?eBP=NON_CHARGEABLE_CHANNEL&refId=AYl9%2FsO2EZl8achQY8cWrQ%3D%3D&trackingId=UBqRle1DMkjLHV9mXftJmQ%3D%3D&trk=flagship3_search_srp_jobs
4094471367,Technical Writer,https://www.linkedin.com/jobs/view/4094471367/?eBP=NON_CHARGEABLE_CHANNEL&refId=x8lbr%2FLXoWA8PCKksJOP2w%3D%3D&trackingId=huta%2BbTa6ysriiWIcr1KsA%3D%3D&trk=flagship3_search_srp_jobs
3894686561,Senior Solution Engineer,https://www.linkedin.com/jobs/view/3894686561/?eBP=NON_CHARGEABLE_CHANNEL&refId=x8lbr%2FLXoWA8PCKksJOP2w%3D%3D&trackingId=55tQJ1Hv7hu5nTJxQ6SfHA%3D%3D&trk=flagship3_search_srp_jobs
4184542780,Solution Engineer 1,https://www.linkedin.com/jobs/view/4184542780/?eBP=NON_CHARGEABLE_CHANNEL&refId=x8lbr%2FLXoWA8PCKksJOP2w%3D%3D&trackingId=6V22W9mKHtCJfJcYmBzHIQ%3D%3D&trk=flagship3_search_srp_jobs
4177224076,Mekari Career Accelerator Program: Business Development,https://www.linkedin.com/jobs/view/4177224076/?eBP=NON_CHARGEABLE_CHANNEL&refId=x8lbr%2FLXoWA8PCKksJOP2w%3D%3D&trackingId=cWCA4zq1gKCnkNKjY1vI5Q%3D%3D&trk=flagship3_search_srp_jobs
4181366945,UX Engineer,https://www.linkedin.com/jobs/view/4181366945/?eBP=NON_CHARGEABLE_CHANNEL&refId=x8lbr%2FLXoWA8PCKksJOP2w%3D%3D&trackingId=UPZjEybMm8zD0G4l9GtCAA%3D%3D&trk=flagship3_search_srp_jobs
4123167517,Solution Engineer Intern (Next Level Internship),https://www.linkedin.com/jobs/view/4123167517/?eBP=NON_CHARGEABLE_CHANNEL&refId=x8lbr%2FLXoWA8PCKksJOP2w%3D%3D&trackingId=TeIt2vO%2BcC2rd1F%2BTIuDKA%3D%3D&trk=flagship3_search_srp_jobs
4180598017,Security Engineer,https://www.linkedin.com/jobs/view/4180598017/?eBP=NON_CHARGEABLE_CHANNEL&refId=x8lbr%2FLXoWA8PCKksJOP2w%3D%3D&trackingId=xuPT3iF%2FzWzBXrRtbuprLA%3D%3D&trk=flagship3_search_srp_jobs
4199443953,Project Management Office (PMO),https://www.linkedin.com/jobs/view/4199443953/?eBP=NON_CHARGEABLE_CHANNEL&refId=x8lbr%2FLXoWA8PCKksJOP2w%3D%3D&trackingId=Drn%2BtkmeJgRUk6BKCV14fw%3D%3D&trk=flagship3_search_srp_jobs
4181506796,Senior DevSecOps Engineer,https://www.linkedin.com/jobs/view/4181506796/?eBP=NON_CHARGEABLE_CHANNEL&refId=x8lbr%2FLXoWA8PCKksJOP2w%3D%3D&trackingId=0L6LLI%2BFwMCGM3vrbaGyrQ%3D%3D&trk=flagship3_search_srp_jobs
4188853643,System Analyst Intern - Mekari Officeless (Next Level Internship),https://www.linkedin.com/jobs/view/4188853643/?eBP=NON_CHARGEABLE_CHANNEL&refId=x8lbr%2FLXoWA8PCKksJOP2w%3D%3D&trackingId=OY%2BOST%2FDxme46kNV1Y4f2g%3D%3D&trk=flagship3_search_srp_jobs
4092233093,Technical Program Manager,https://www.linkedin.com/jobs/view/4092233093/?eBP=NON_CHARGEABLE_CHANNEL&refId=x8lbr%2FLXoWA8PCKksJOP2w%3D%3D&trackingId=3LsUQvE1T8CxbXzDxfVqzg%3D%3D&trk=flagship3_search_srp_jobs
4184547050,Project Management Office (Mekari Qontak),https://www.linkedin.com/jobs/view/4184547050/?eBP=NON_CHARGEABLE_CHANNEL&refId=x8lbr%2FLXoWA8PCKksJOP2w%3D%3D&trackingId=EFngPFijwHWdJ6UN8BGZ%2FA%3D%3D&trk=flagship3_search_srp_jobs
4179811876,Re-Implementation & Re-Training (Mekari Talenta) - Yogyakarta Placement,https://www.linkedin.com/jobs/view/4179811876/?eBP=NON_CHARGEABLE_CHANNEL&refId=x8lbr%2FLXoWA8PCKksJOP2w%3D%3D&trackingId=AU9KMofpydg72Ay63tetMQ%3D%3D&trk=flagship3_search_srp_jobs
4179384075,Partner Executive (Mekari Jurnal) - Bali Placement,https://www.linkedin.com/jobs/view/4179384075/?eBP=NON_CHARGEABLE_CHANNEL&refId=x8lbr%2FLXoWA8PCKksJOP2w%3D%3D&trackingId=dq1fErhDrpzVjjPA12PT9Q%3D%3D&trk=flagship3_search_srp_jobs
4188860018,Business Development (Mekari Talenta),https://www.linkedin.com/jobs/view/4188860018/?eBP=NON_CHARGEABLE_CHANNEL&refId=x8lbr%2FLXoWA8PCKksJOP2w%3D%3D&trackingId=hpY3Jb%2F2mZeopN0PEKbwQg%3D%3D&trk=flagship3_search_srp_jobs
4188892427,DevOps Engineer II,https://www.linkedin.com/jobs/view/4188892427/?eBP=NON_CHARGEABLE_CHANNEL&refId=x8lbr%2FLXoWA8PCKksJOP2w%3D%3D&trackingId=7wBID3HQetkaKgTYrqPQeg%3D%3D&trk=flagship3_search_srp_jobs
4174847467,People Development Intern (Next Level Internship),https://www.linkedin.com/jobs/view/4174847467/?eBP=NON_CHARGEABLE_CHANNEL&refId=x8lbr%2FLXoWA8PCKksJOP2w%3D%3D&trackingId=w32xUYsQ5IBtGICRhVZLgQ%3D%3D&trk=flagship3_search_srp_jobs
3955451885,Business Development (Mekari Talenta),https://www.linkedin.com/jobs/view/3955451885/?eBP=NON_CHARGEABLE_CHANNEL&refId=x8lbr%2FLXoWA8PCKksJOP2w%3D%3D&trackingId=z2x%2BYXp0wh3AIcy34aI04g%3D%3D&trk=flagship3_search_srp_jobs
3853976881,Business Analyst (Corporate Strategy),https://www.linkedin.com/jobs/view/3853976881/?eBP=NON_CHARGEABLE_CHANNEL&refId=x8lbr%2FLXoWA8PCKksJOP2w%3D%3D&trackingId=lS3K7tiACSwS1KSDiJ1ClA%3D%3D&trk=flagship3_search_srp_jobs
3737191341,Business Development (Mekari Talenta),https://www.linkedin.com/jobs/view/3737191341/?eBP=NON_CHARGEABLE_CHANNEL&refId=x8lbr%2FLXoWA8PCKksJOP2w%3D%3D&trackingId=llKx4QHiq6HePEvTYYVICw%3D%3D&trk=flagship3_search_srp_jobs
3906479856,Research Strategy Analyst Lead,https://www.linkedin.com/jobs/view/3906479856/?eBP=NON_CHARGEABLE_CHANNEL&refId=x8lbr%2FLXoWA8PCKksJOP2w%3D%3D&trackingId=i%2Bd1Kqp0Sacd9%2BOTWaQKCg%3D%3D&trk=flagship3_search_srp_jobs
3607479484,Business Development (Mekari Talenta),https://www.linkedin.com/jobs/view/3607479484/?eBP=NON_CHARGEABLE_CHANNEL&refId=x8lbr%2FLXoWA8PCKksJOP2w%3D%3D&trackingId=%2B9CclUWNFJLsY%2Fcr35J8iA%3D%3D&trk=flagship3_search_srp_jobs
3836161361,Junior Content Engagement,https://www.linkedin.com/jobs/view/3836161361/?eBP=NON_CHARGEABLE_CHANNEL&refId=x8lbr%2FLXoWA8PCKksJOP2w%3D%3D&trackingId=ysTpIO%2B5%2Fo3imd6E5vXC%2Bg%3D%3D&trk=flagship3_search_srp_jobs
4037782657,Senior Technical Writer,https://www.linkedin.com/jobs/view/4037782657/?eBP=NON_CHARGEABLE_CHANNEL&refId=x8lbr%2FLXoWA8PCKksJOP2w%3D%3D&trackingId=SBT2V4wi%2FlawxalvQEC9lQ%3D%3D&trk=flagship3_search_srp_jobs
3169242653,Business Development (Mekari Talenta),https://www.linkedin.com/jobs/view/3169242653/?eBP=NON_CHARGEABLE_CHANNEL&refId=x8lbr%2FLXoWA8PCKksJOP2w%3D%3D&trackingId=hNXVT%2BER0Vw6RxVs24AJaA%3D%3D&trk=flagship3_search_srp_jobs
4104349964,Technical Support - Yogyakarta Placement,https://www.linkedin.com/jobs/view/4104349964/?eBP=NON_CHARGEABLE_CHANNEL&refId=SRvnpz%2BzFlt6PCoiddiF8Q%3D%3D&trackingId=u%2FjyvptAS8SwYqwD7Dye%2BA%3D%3D&trk=flagship3_search_srp_jobs
3607484019,Marketing Associate - Bali,https://www.linkedin.com/jobs/view/3607484019/?eBP=NON_CHARGEABLE_CHANNEL&refId=SRvnpz%2BzFlt6PCoiddiF8Q%3D%3D&trackingId=yXCF3NuFctdhEveopuQ2Kw%3D%3D&trk=flagship3_search_srp_jobs
3607483026,Organization Development Lead,https://www.linkedin.com/jobs/view/3607483026/?eBP=NON_CHARGEABLE_CHANNEL&refId=SRvnpz%2BzFlt6PCoiddiF8Q%3D%3D&trackingId=MoOX4qx98cj1klCemXy4Mw%3D%3D&trk=flagship3_search_srp_jobs
4184541843,Engineering Manager (Mekari Jurnal),https://www.linkedin.com/jobs/view/4184541843/?eBP=NON_CHARGEABLE_CHANNEL&refId=SRvnpz%2BzFlt6PCoiddiF8Q%3D%3D&trackingId=mEb7BXBfLfuIBz9kIQSfmw%3D%3D&trk=flagship3_search_srp_jobs
4184542782,Technical Support (Mekari Jurnal),https://www.linkedin.com/jobs/view/4184542782/?eBP=NON_CHARGEABLE_CHANNEL&refId=SRvnpz%2BzFlt6PCoiddiF8Q%3D%3D&trackingId=KjofXNtWZ0871hJXrvDK2g%3D%3D&trk=flagship3_search_srp_jobs
4181368480,Senior Infrastructure Engineer,https://www.linkedin.com/jobs/view/4181368480/?eBP=NON_CHARGEABLE_CHANNEL&refId=SRvnpz%2BzFlt6PCoiddiF8Q%3D%3D&trackingId=36bMh10B2l1sz8Vta12jvw%3D%3D&trk=flagship3_search_srp_jobs
4156960675,Copywriter,https://www.linkedin.com/jobs/view/4156960675/?eBP=NON_CHARGEABLE_CHANNEL&refId=SRvnpz%2BzFlt6PCoiddiF8Q%3D%3D&trackingId=NpJYxEh72%2BgZFHBWtlqlyg%3D%3D&trk=flagship3_search_srp_jobs
4187784401,Infosec & Compliance Intern (Next Level Internship),https://www.linkedin.com/jobs/view/4187784401/?eBP=NON_CHARGEABLE_CHANNEL&refId=SRvnpz%2BzFlt6PCoiddiF8Q%3D%3D&trackingId=DiK2cSyKYmfdsaQ%2Fj59XiA%3D%3D&trk=flagship3_search_srp_jobs
4140874999,DevOps Engineer 2,https://www.linkedin.com/jobs/view/4140874999/?eBP=NON_CHARGEABLE_CHANNEL&refId=SRvnpz%2BzFlt6PCoiddiF8Q%3D%3D&trackingId=vJKV54TzyVMY3akr4WUNAg%3D%3D&trk=flagship3_search_srp_jobs
4178784703,Content Writer Intern (Next Level Internship),https://www.linkedin.com/jobs/view/4178784703/?eBP=NON_CHARGEABLE_CHANNEL&refId=SRvnpz%2BzFlt6PCoiddiF8Q%3D%3D&trackingId=I6pRKtQmNQ1yhyVlK3WJiA%3D%3D&trk=flagship3_search_srp_jobs
4178292659,Re-Implementation &amp; Re-Training (Mekari Talenta) - Yogyakarta Placement,https://www.linkedin.com/jobs/view/4178292659/?eBP=NON_CHARGEABLE_CHANNEL&refId=SRvnpz%2BzFlt6PCoiddiF8Q%3D%3D&trackingId=UotvWDf9g722oCokM9lXAw%3D%3D&trk=flagship3_search_srp_jobs
3301835163,Creative and Marketing (Mekari University),https://www.linkedin.com/jobs/view/3301835163/?eBP=NON_CHARGEABLE_CHANNEL&refId=SRvnpz%2BzFlt6PCoiddiF8Q%3D%3D&trackingId=GQBqAR1UDcaY6AfNMJUI5g%3D%3D&trk=flagship3_search_srp_jobs
4183787288,Engineering Manager (Mekari Talenta),https://www.linkedin.com/jobs/view/4183787288/?eBP=NON_CHARGEABLE_CHANNEL&refId=SRvnpz%2BzFlt6PCoiddiF8Q%3D%3D&trackingId=uFaeFZoA5BvVFlJkU9h5bw%3D%3D&trk=flagship3_search_srp_jobs
3987284651,Project Manager (Mekari Officeless),https://www.linkedin.com/jobs/view/3987284651/?eBP=NON_CHARGEABLE_CHANNEL&refId=SRvnpz%2BzFlt6PCoiddiF8Q%3D%3D&trackingId=LMKt8FrauzARnfyQr1hhPg%3D%3D&trk=flagship3_search_srp_jobs
4092228653,System Analyst (Mekari Officeless),https://www.linkedin.com/jobs/view/4092228653/?eBP=NON_CHARGEABLE_CHANNEL&refId=SRvnpz%2BzFlt6PCoiddiF8Q%3D%3D&trackingId=QjKLGyUZiZPvQ%2Ffl%2FdyoRA%3D%3D&trk=flagship3_search_srp_jobs
4189938129,Infosec &amp; Compliance Intern (Next Level Internship),https://www.linkedin.com/jobs/view/4189938129/?eBP=NON_CHARGEABLE_CHANNEL&refId=SRvnpz%2BzFlt6PCoiddiF8Q%3D%3D&trackingId=n9gbZF%2Bcr%2FHiYmL6yWGGIA%3D%3D&trk=flagship3_search_srp_jobs
4092229586,Lead DevOps Engineer,https://www.linkedin.com/jobs/view/4092229586/?eBP=NON_CHARGEABLE_CHANNEL&refId=SRvnpz%2BzFlt6PCoiddiF8Q%3D%3D&trackingId=NrLgljU%2F0jyjEmUfbdEVkA%3D%3D&trk=flagship3_search_srp_jobs
3607482018,Business Development (Mekari Talenta),https://www.linkedin.com/jobs/view/3607482018/?eBP=NON_CHARGEABLE_CHANNEL&refId=SRvnpz%2BzFlt6PCoiddiF8Q%3D%3D&trackingId=jm4emykeppijvGwYAoJvNQ%3D%3D&trk=flagship3_search_srp_jobs
3981382541,Activation Specialist - Chatbot AI (Mekari Qontak),https://www.linkedin.com/jobs/view/3981382541/?eBP=NON_CHARGEABLE_CHANNEL&refId=SRvnpz%2BzFlt6PCoiddiF8Q%3D%3D&trackingId=6q3DFUzSLhI%2BoaOLDAxwCg%3D%3D&trk=flagship3_search_srp_jobs
3977645603,Business Development (Mekari University),https://www.linkedin.com/jobs/view/3977645603/?eBP=NON_CHARGEABLE_CHANNEL&refId=SRvnpz%2BzFlt6PCoiddiF8Q%3D%3D&trackingId=CzQ7CSWT3lQID9MTmcyunw%3D%3D&trk=flagship3_search_srp_jobs
3259744018,Business Development (Cross Product),https://www.linkedin.com/jobs/view/3259744018/?eBP=NON_CHARGEABLE_CHANNEL&refId=SRvnpz%2BzFlt6PCoiddiF8Q%3D%3D&trackingId=F570IxekvARj6DqeWhqFyQ%3D%3D&trk=flagship3_search_srp_jobs
3955556668,International Go-to-Market Lead,https://www.linkedin.com/jobs/view/3955556668/?eBP=NON_CHARGEABLE_CHANNEL&refId=SRvnpz%2BzFlt6PCoiddiF8Q%3D%3D&trackingId=cDpCWxb7sUcvYXSTNp1kLg%3D%3D&trk=flagship3_search_srp_jobs
3259744015,Business Development (Mekari Jurnal),https://www.linkedin.com/jobs/view/3259744015/?eBP=NON_CHARGEABLE_CHANNEL&refId=SRvnpz%2BzFlt6PCoiddiF8Q%3D%3D&trackingId=t0IxZqwKsfpRRsLpTdufuA%3D%3D&trk=flagship3_search_srp_jobs
4193451402,SEO Intern (Next Level Internship),https://www.linkedin.com/jobs/view/4193451402/?eBP=NON_CHARGEABLE_CHANNEL&refId=SRvnpz%2BzFlt6PCoiddiF8Q%3D%3D&trackingId=Kz375GIT4wyfGdnF60cqsQ%3D%3D&trk=flagship3_search_srp_jobs
3918473885,Business Development (Mekari Jurnal),https://www.linkedin.com/jobs/view/3918473885/?eBP=NON_CHARGEABLE_CHANNEL&refId=SRvnpz%2BzFlt6PCoiddiF8Q%3D%3D&trackingId=C25hJQd0xV3xgoUI%2BH92PA%3D%3D&trk=flagship3_search_srp_jobs
4188856426,Partner Executive,https://www.linkedin.com/jobs/view/4188856426/?eBP=NON_CHARGEABLE_CHANNEL&refId=3b9fmxlhZRKOjJnF9tiwRg%3D%3D&trackingId=92NrFR8WcYPcuO1ekVLHMQ%3D%3D&trk=flagship3_search_srp_jobs
3967622899,Senior Activation - Non Core (Mekari Talenta),https://www.linkedin.com/jobs/view/3967622899/?eBP=NON_CHARGEABLE_CHANNEL&refId=3b9fmxlhZRKOjJnF9tiwRg%3D%3D&trackingId=0Me6HAAJWeuBszshWi5isg%3D%3D&trk=flagship3_search_srp_jobs
3861518056,Community Associate,https://www.linkedin.com/jobs/view/3861518056/?eBP=NON_CHARGEABLE_CHANNEL&refId=3b9fmxlhZRKOjJnF9tiwRg%3D%3D&trackingId=w1868v%2FtzYezSf89XlTdCg%3D%3D&trk=flagship3_search_srp_jobs
3169247117,Business Development (Mekari Talenta),https://www.linkedin.com/jobs/view/3169247117/?eBP=NON_CHARGEABLE_CHANNEL&refId=3b9fmxlhZRKOjJnF9tiwRg%3D%3D&trackingId=aQQTetO9Xz%2BkGl%2B16RmEog%3D%3D&trk=flagship3_search_srp_jobs
4183784544,Partner Executive (Mekari Jurnal) - Semarang Placement,https://www.linkedin.com/jobs/view/4183784544/?eBP=NON_CHARGEABLE_CHANNEL&refId=3b9fmxlhZRKOjJnF9tiwRg%3D%3D&trackingId=IQPU6yMxKES%2ByOx2qzBZiw%3D%3D&trk=flagship3_search_srp_jobs
4092229610,Technical Support (Mekari Officeless),https://www.linkedin.com/jobs/view/4092229610/?eBP=NON_CHARGEABLE_CHANNEL&refId=3b9fmxlhZRKOjJnF9tiwRg%3D%3D&trackingId=6J%2BEIiSjHYBWNuV0gs2Ygw%3D%3D&trk=flagship3_search_srp_jobs
3990897554,Junior Strategic Partnership (Mekari eSign),https://www.linkedin.com/jobs/view/3990897554/?eBP=NON_CHARGEABLE_CHANNEL&refId=3b9fmxlhZRKOjJnF9tiwRg%3D%3D&trackingId=fK9TRtNk0QtL24zv20oOeg%3D%3D&trk=flagship3_search_srp_jobs
3638092017,System Integrator Expert,https://www.linkedin.com/jobs/view/3638092017/?eBP=NON_CHARGEABLE_CHANNEL&refId=3b9fmxlhZRKOjJnF9tiwRg%3D%3D&trackingId=1lDZiOZQdgTUbxfTh9HcAg%3D%3D&trk=flagship3_search_srp_jobs
4043136956,Business Development (Mekari Jurnal),https://www.linkedin.com/jobs/view/4043136956/?eBP=NON_CHARGEABLE_CHANNEL&refId=3b9fmxlhZRKOjJnF9tiwRg%3D%3D&trackingId=eYKEDr5xB1vMGoLW5pgQgg%3D%3D&trk=flagship3_search_srp_jobs
4177217985,Partner Executive (Mekari Jurnal) - Surabaya Placement,https://www.linkedin.com/jobs/view/4177217985/?eBP=NON_CHARGEABLE_CHANNEL&refId=3b9fmxlhZRKOjJnF9tiwRg%3D%3D&trackingId=9xEdi8qwJ6rcxnLnq2OlGQ%3D%3D&trk=flagship3_search_srp_jobs
4094467630,Business Development (Mekari Jurnal),https://www.linkedin.com/jobs/view/4094467630/?eBP=NON_CHARGEABLE_CHANNEL&refId=3b9fmxlhZRKOjJnF9tiwRg%3D%3D&trackingId=dehFSTYOXA3vNL5ISGNG%2Fw%3D%3D&trk=flagship3_search_srp_jobs
4114824252,Corporate Development,https://www.linkedin.com/jobs/view/4114824252/?eBP=NON_CHARGEABLE_CHANNEL&refId=3b9fmxlhZRKOjJnF9tiwRg%3D%3D&trackingId=Q6jQn187L%2FY0rtgKUewkSg%3D%3D&trk=flagship3_search_srp_jobs
4094472328,Senior Business Development - Bali (Mekari Talenta),https://www.linkedin.com/jobs/view/4094472328/?eBP=NON_CHARGEABLE_CHANNEL&refId=3b9fmxlhZRKOjJnF9tiwRg%3D%3D&trackingId=EBhTUn%2BsMUcEuRdlo3Da7A%3D%3D&trk=flagship3_search_srp_jobs
3705208970,Junior Account Manager,https://www.linkedin.com/jobs/view/3705208970/?eBP=NON_CHARGEABLE_CHANNEL&refId=3b9fmxlhZRKOjJnF9tiwRg%3D%3D&trackingId=bAYzVQLhk%2B8aYHlnAWa83A%3D%3D&trk=flagship3_search_srp_jobs
3955558397,Center of Excellence,https://www.linkedin.com/jobs/view/3955558397/?eBP=NON_CHARGEABLE_CHANNEL&refId=3b9fmxlhZRKOjJnF9tiwRg%3D%3D&trackingId=d%2FydZxrJ%2BmOwPMUe%2B%2F1%2BMQ%3D%3D&trk=flagship3_search_srp_jobs
3607483104,Junior Strategic Partnership,https://www.linkedin.com/jobs/view/3607483104/?eBP=NON_CHARGEABLE_CHANNEL&refId=3b9fmxlhZRKOjJnF9tiwRg%3D%3D&trackingId=YvsZnyA144N9oJ%2BakkF%2BsA%3D%3D&trk=flagship3_search_srp_jobs
3410547846,Business Development (Mekari Qontak),https://www.linkedin.com/jobs/view/3410547846/?eBP=NON_CHARGEABLE_CHANNEL&refId=3b9fmxlhZRKOjJnF9tiwRg%3D%3D&trackingId=%2FilCkle2Vry%2F8ph2r5YLqQ%3D%3D&trk=flagship3_search_srp_jobs
3955454189,Brand Marketing Specialist,https://www.linkedin.com/jobs/view/3955454189/?eBP=NON_CHARGEABLE_CHANNEL&refId=3b9fmxlhZRKOjJnF9tiwRg%3D%3D&trackingId=7gHuELj1j%2F3jdrQPo2XMFQ%3D%3D&trk=flagship3_search_srp_jobs
4183789141,Performance Marketing Specialist (Mekari Jurnal),https://www.linkedin.com/jobs/view/4183789141/?eBP=NON_CHARGEABLE_CHANNEL&refId=3b9fmxlhZRKOjJnF9tiwRg%3D%3D&trackingId=MdVi%2FwIOwA7CWrs2FMKg0g%3D%3D&trk=flagship3_search_srp_jobs
4184541845,Re-Implementation & Retraining Associate (Mekari Talenta),https://www.linkedin.com/jobs/view/4184541845/?eBP=NON_CHARGEABLE_CHANNEL&refId=3b9fmxlhZRKOjJnF9tiwRg%3D%3D&trackingId=GDc5cyfpoUmQGy8qxSOo3g%3D%3D&trk=flagship3_search_srp_jobs
3695652010,Senior Re-Implementation Specialist,https://www.linkedin.com/jobs/view/3695652010/?eBP=NON_CHARGEABLE_CHANNEL&refId=3b9fmxlhZRKOjJnF9tiwRg%3D%3D&trackingId=%2Ft4AtqlAr9OR7HAT44SaOA%3D%3D&trk=flagship3_search_srp_jobs
4174840835,Content SEO Intern (Next Level Internship),https://www.linkedin.com/jobs/view/4174840835/?eBP=NON_CHARGEABLE_CHANNEL&refId=3b9fmxlhZRKOjJnF9tiwRg%3D%3D&trackingId=8KBlVyS41O6Shd7zy%2FQr4A%3D%3D&trk=flagship3_search_srp_jobs
3607478781,Business Development - XPM,https://www.linkedin.com/jobs/view/3607478781/?eBP=NON_CHARGEABLE_CHANNEL&refId=3b9fmxlhZRKOjJnF9tiwRg%3D%3D&trackingId=aTIopHVfnwbBfr72tOz6Qg%3D%3D&trk=flagship3_search_srp_jobs
3927377807,UX Writer,https://www.linkedin.com/jobs/view/3927377807/?eBP=NON_CHARGEABLE_CHANNEL&refId=3b9fmxlhZRKOjJnF9tiwRg%3D%3D&trackingId=Zi2NIigkrx9MEN9f8YOC3A%3D%3D&trk=flagship3_search_srp_jobs
4150031754,Presales Analyst - Yogyakarta Placement,https://www.linkedin.com/jobs/view/4150031754/?eBP=NON_CHARGEABLE_CHANNEL&refId=3b9fmxlhZRKOjJnF9tiwRg%3D%3D&trackingId=hkeFCLLDR8lKM2Oj7QwRuA%3D%3D&trk=flagship3_search_srp_jobs
3919619798,Commercial Strategic Partnership,https://www.linkedin.com/jobs/view/3919619798/?eBP=NON_CHARGEABLE_CHANNEL&refId=EZPtsWjjzpiZvFqxWKTiVA%3D%3D&trackingId=rg%2BoUmiUg55sXW7RQAcD%2Fw%3D%3D&trk=flagship3_search_srp_jobs
4031934257,UI Solution Engineer 1 (Mekari Officeless),https://www.linkedin.com/jobs/view/4031934257/?eBP=NON_CHARGEABLE_CHANNEL&refId=EZPtsWjjzpiZvFqxWKTiVA%3D%3D&trackingId=nfbU%2Bt3EzjXFgQJWUK2D9Q%3D%3D&trk=flagship3_search_srp_jobs
3607481221,Business Development (Mekari Talenta),https://www.linkedin.com/jobs/view/3607481221/?eBP=NON_CHARGEABLE_CHANNEL&refId=EZPtsWjjzpiZvFqxWKTiVA%3D%3D&trackingId=m3gpvVKHVflDfosLEMAH3A%3D%3D&trk=flagship3_search_srp_jobs
4146618631,Presales Intern (Next Level Internship),https://www.linkedin.com/jobs/view/4146618631/?eBP=NON_CHARGEABLE_CHANNEL&refId=EZPtsWjjzpiZvFqxWKTiVA%3D%3D&trackingId=t9dw%2F9d9ie9cMtze0NfRNQ%3D%3D&trk=flagship3_search_srp_jobs
4158221186,Customer Support - Yogyakarta Placement,https://www.linkedin.com/jobs/view/4158221186/?eBP=NON_CHARGEABLE_CHANNEL&refId=EZPtsWjjzpiZvFqxWKTiVA%3D%3D&trackingId=NXk4aKgghqkrsK%2BjT9bfUA%3D%3D&trk=flagship3_search_srp_jobs
3737188689,Content and Engagement Associate,https://www.linkedin.com/jobs/view/3737188689/?eBP=NON_CHARGEABLE_CHANNEL&refId=EZPtsWjjzpiZvFqxWKTiVA%3D%3D&trackingId=pxrY%2BChYa6XfTXEgp%2FNaKQ%3D%3D&trk=flagship3_search_srp_jobs
4032675643,Solution Architect (Mekari Officeless),https://www.linkedin.com/jobs/view/4032675643/?eBP=NON_CHARGEABLE_CHANNEL&refId=EZPtsWjjzpiZvFqxWKTiVA%3D%3D&trackingId=LHy4goDkv5eU8mqUplsAHw%3D%3D&trk=flagship3_search_srp_jobs
3666565402,Marketing Associate - Surabaya,https://www.linkedin.com/jobs/view/3666565402/?eBP=NON_CHARGEABLE_CHANNEL&refId=EZPtsWjjzpiZvFqxWKTiVA%3D%3D&trackingId=yLyB2s3qcwwqs7hRgUOIkw%3D%3D&trk=flagship3_search_srp_jobs
3955459274,System Integrator Associate,https://www.linkedin.com/jobs/view/3955459274/?eBP=NON_CHARGEABLE_CHANNEL&refId=EZPtsWjjzpiZvFqxWKTiVA%3D%3D&trackingId=8NzNy4qo9TQVffnuZQE8mQ%3D%3D&trk=flagship3_search_srp_jobs
4197597223,Business Development (Mekari Jurnal) - Bandung Placement,https://www.linkedin.com/jobs/view/4197597223/?eBP=NON_CHARGEABLE_CHANNEL&refId=EZPtsWjjzpiZvFqxWKTiVA%3D%3D&trackingId=kjv3ueBAZQ5c5xbWnWR4ag%3D%3D&trk=flagship3_search_srp_jobs
4082499883,Re-Implementation &amp; Retraining Associate (Mekari Talenta),https://www.linkedin.com/jobs/view/4082499883/?eBP=NON_CHARGEABLE_CHANNEL&refId=EZPtsWjjzpiZvFqxWKTiVA%3D%3D&trackingId=Pq7Iw3fE5zY%2BqZMzmjXdcg%3D%3D&trk=flagship3_search_srp_jobs
3259744014,Community Manager,https://www.linkedin.com/jobs/view/3259744014/?eBP=NON_CHARGEABLE_CHANNEL&refId=EZPtsWjjzpiZvFqxWKTiVA%3D%3D&trackingId=3ctcYXYzjAC7FOdwQw9KoA%3D%3D&trk=flagship3_search_srp_jobs
3955558864,WordPress Developer,https://www.linkedin.com/jobs/view/3955558864/?eBP=NON_CHARGEABLE_CHANNEL&refId=EZPtsWjjzpiZvFqxWKTiVA%3D%3D&trackingId=CVyi4k1hvk8LRvu7AeDInw%3D%3D&trk=flagship3_search_srp_jobs
3496207161,Business Development (Mekari Jurnal),https://www.linkedin.com/jobs/view/3496207161/?eBP=NON_CHARGEABLE_CHANNEL&refId=EZPtsWjjzpiZvFqxWKTiVA%3D%3D&trackingId=gwF2RaQskV99au42Tbb2yQ%3D%3D&trk=flagship3_search_srp_jobs
4181509423,Product Security Engineer,https://www.linkedin.com/jobs/view/4181509423/?eBP=NON_CHARGEABLE_CHANNEL&refId=EZPtsWjjzpiZvFqxWKTiVA%3D%3D&trackingId=U%2F8BfJUzaSEmSxZHREA5uQ%3D%3D&trk=flagship3_search_srp_jobs
3946447047,Partner Executive Lead,https://www.linkedin.com/jobs/view/3946447047/?eBP=NON_CHARGEABLE_CHANNEL&refId=EZPtsWjjzpiZvFqxWKTiVA%3D%3D&trackingId=QWM27ugWxn1zbJaP9y63SA%3D%3D&trk=flagship3_search_srp_jobs
4178293650,Social Media Intern (Next Level Internship),https://www.linkedin.com/jobs/view/4178293650/?eBP=NON_CHARGEABLE_CHANNEL&refId=EZPtsWjjzpiZvFqxWKTiVA%3D%3D&trackingId=9M85hLfFc0nTAtq%2F9ZbbTw%3D%3D&trk=flagship3_search_srp_jobs
3607483025,Marketing Associate - Makassar,https://www.linkedin.com/jobs/view/3607483025/?eBP=NON_CHARGEABLE_CHANNEL&refId=EZPtsWjjzpiZvFqxWKTiVA%3D%3D&trackingId=w151dsh4rrCCQpDozrD4gQ%3D%3D&trk=flagship3_search_srp_jobs
4069336913,Aftersales Trainer,https://www.linkedin.com/jobs/view/4069336913/?eBP=NON_CHARGEABLE_CHANNEL&refId=EZPtsWjjzpiZvFqxWKTiVA%3D%3D&trackingId=jlari%2B43XXRi7dz%2FHEcdrg%3D%3D&trk=flagship3_search_srp_jobs
4004923836,Business Development (Mekari Jurnal),https://www.linkedin.com/jobs/view/4004923836/?eBP=NON_CHARGEABLE_CHANNEL&refId=EZPtsWjjzpiZvFqxWKTiVA%3D%3D&trackingId=owFAaAQBEPnssn%2BWqfQMGA%3D%3D&trk=flagship3_search_srp_jobs
3918476554,Business Development (Mekari Talenta),https://www.linkedin.com/jobs/view/3918476554/?eBP=NON_CHARGEABLE_CHANNEL&refId=EZPtsWjjzpiZvFqxWKTiVA%3D%3D&trackingId=KVnTLpwfcCbn6%2Fo%2FrAqx8g%3D%3D&trk=flagship3_search_srp_jobs
4188855462,Account Manager,https://www.linkedin.com/jobs/view/4188855462/?eBP=NON_CHARGEABLE_CHANNEL&refId=EZPtsWjjzpiZvFqxWKTiVA%3D%3D&trackingId=xTQhQ4DCH37ZjFoSjqEUUQ%3D%3D&trk=flagship3_search_srp_jobs
3169241775,Business Development (Mekari Jurnal),https://www.linkedin.com/jobs/view/3169241775/?eBP=NON_CHARGEABLE_CHANNEL&refId=EZPtsWjjzpiZvFqxWKTiVA%3D%3D&trackingId=SXz2SQC4iO6JKyALMCN0zQ%3D%3D&trk=flagship3_search_srp_jobs
3955457203,InfoSec and Compliance Officer,https://www.linkedin.com/jobs/view/3955457203/?eBP=NON_CHARGEABLE_CHANNEL&refId=EZPtsWjjzpiZvFqxWKTiVA%3D%3D&trackingId=wnnsDktj1FWFg3lzjn2JAQ%3D%3D&trk=flagship3_search_srp_jobs
4145376216,Customer Support - Yogyakarta Placement,https://www.linkedin.com/jobs/view/4145376216/?eBP=NON_CHARGEABLE_CHANNEL&refId=EZPtsWjjzpiZvFqxWKTiVA%3D%3D&trackingId=rRHvsXBUFwFSI3J%2B6p04QQ%3D%3D&trk=flagship3_search_srp_jobs
4184544487,Senior Engineering Manager (Mekari Jurnal),https://www.linkedin.com/jobs/view/4184544487/?eBP=NON_CHARGEABLE_CHANNEL&refId=BEh2RdArhuHCDxeuXGimkw%3D%3D&trackingId=lBBHbu9NvTS%2B6QM6JeAikw%3D%3D&trk=flagship3_search_srp_jobs
3607479665,Senior Activation (Mekari Talenta),https://www.linkedin.com/jobs/view/3607479665/?eBP=NON_CHARGEABLE_CHANNEL&refId=BEh2RdArhuHCDxeuXGimkw%3D%3D&trackingId=uJxK0JY8tJqRG%2FQUwiLvTg%3D%3D&trk=flagship3_search_srp_jobs
3965522483,Social Media Manager,https://www.linkedin.com/jobs/view/3965522483/?eBP=NON_CHARGEABLE_CHANNEL&refId=BEh2RdArhuHCDxeuXGimkw%3D%3D&trackingId=PDQsad6ZKEgm%2FAOOAXU8kg%3D%3D&trk=flagship3_search_srp_jobs
3954466326,Partner Product Specialist,https://www.linkedin.com/jobs/view/3954466326/?eBP=NON_CHARGEABLE_CHANNEL&refId=BEh2RdArhuHCDxeuXGimkw%3D%3D&trackingId=VXil%2FnYjLufoLs92NdHozQ%3D%3D&trk=flagship3_search_srp_jobs
3607475917,Business Development (Mekari Talenta),https://www.linkedin.com/jobs/view/3607475917/?eBP=NON_CHARGEABLE_CHANNEL&refId=BEh2RdArhuHCDxeuXGimkw%3D%3D&trackingId=h48eM4pOGZk%2F0mabl2YYgQ%3D%3D&trk=flagship3_search_srp_jobs
3806111103,Product Marketing Associate,https://www.linkedin.com/jobs/view/3806111103/?eBP=NON_CHARGEABLE_CHANNEL&refId=BEh2RdArhuHCDxeuXGimkw%3D%3D&trackingId=M3i8PGxnkwHBbF1CmftdfA%3D%3D&trk=flagship3_search_srp_jobs
3607477854,Event Marketing Associate,https://www.linkedin.com/jobs/view/3607477854/?eBP=NON_CHARGEABLE_CHANNEL&refId=BEh2RdArhuHCDxeuXGimkw%3D%3D&trackingId=fNbUNFDPCFFqKNVKEkApQQ%3D%3D&trk=flagship3_search_srp_jobs
4094472341,Solution QA 1 (Mekari Officeless),https://www.linkedin.com/jobs/view/4094472341/?eBP=NON_CHARGEABLE_CHANNEL&refId=BEh2RdArhuHCDxeuXGimkw%3D%3D&trackingId=NgoBlb9JUpoVV85iHsdO%2BQ%3D%3D&trk=flagship3_search_srp_jobs
3918477315,Business Development (Mekari Jurnal),https://www.linkedin.com/jobs/view/3918477315/?eBP=NON_CHARGEABLE_CHANNEL&refId=BEh2RdArhuHCDxeuXGimkw%3D%3D&trackingId=vVZxoSmbiBWKpBz%2FkN1ZPg%3D%3D&trk=flagship3_search_srp_jobs
3607475918,Business Development (Mekari Talenta),https://www.linkedin.com/jobs/view/3607475918/?eBP=NON_CHARGEABLE_CHANNEL&refId=BEh2RdArhuHCDxeuXGimkw%3D%3D&trackingId=%2FJXeaFH5wRhzfjfdTSwO0A%3D%3D&trk=flagship3_search_srp_jobs
4165435765,Talent Acquisition Intern (Next Level Internship),https://www.linkedin.com/jobs/view/4165435765/?eBP=NON_CHARGEABLE_CHANNEL&refId=BEh2RdArhuHCDxeuXGimkw%3D%3D&trackingId=3bxb1E2AgqQY0hRCaxuu6A%3D%3D&trk=flagship3_search_srp_jobs
3607483050,Presales (Mekari Talenta),https://www.linkedin.com/jobs/view/3607483050/?eBP=NON_CHARGEABLE_CHANNEL&refId=BEh2RdArhuHCDxeuXGimkw%3D%3D&trackingId=6wbaq4R2NjWnaNt0ZwXXYA%3D%3D&trk=flagship3_search_srp_jobs
3645961180,Customer Success Manager (Mekari Qontak),https://www.linkedin.com/jobs/view/3645961180/?eBP=NON_CHARGEABLE_CHANNEL&refId=BEh2RdArhuHCDxeuXGimkw%3D%3D&trackingId=S932OjBJmS%2FzS9u1rTQJaA%3D%3D&trk=flagship3_search_srp_jobs
4124843276,Partner Executive - Medan Placement (Mekari Jurnal),https://www.linkedin.com/jobs/view/4124843276/?eBP=NON_CHARGEABLE_CHANNEL&refId=BEh2RdArhuHCDxeuXGimkw%3D%3D&trackingId=05nhOatnMN3pJiszB8%2Fk7Q%3D%3D&trk=flagship3_search_srp_jobs
3607482113,Marketing Associate (Mekari Qontak),https://www.linkedin.com/jobs/view/3607482113/?eBP=NON_CHARGEABLE_CHANNEL&refId=BEh2RdArhuHCDxeuXGimkw%3D%3D&trackingId=aljsTzKEpAZ5ufCOv6YGMw%3D%3D&trk=flagship3_search_srp_jobs
4105146515,Activation Technical Specialist - Yogyakarta Placement,https://www.linkedin.com/jobs/view/4105146515/?eBP=NON_CHARGEABLE_CHANNEL&refId=BEh2RdArhuHCDxeuXGimkw%3D%3D&trackingId=PX%2F2gk7Hoc7xdMaf5WbBsQ%3D%3D&trk=flagship3_search_srp_jobs
4184541854,Customer Support (Mekari Qontak),https://www.linkedin.com/jobs/view/4184541854/?eBP=NON_CHARGEABLE_CHANNEL&refId=BEh2RdArhuHCDxeuXGimkw%3D%3D&trackingId=EB1OkW8Vi7h5ttFzww%2B7Yg%3D%3D&trk=flagship3_search_srp_jobs
3793235861,Engineering Manager (Financial Service),https://www.linkedin.com/jobs/view/3793235861/?eBP=NON_CHARGEABLE_CHANNEL&refId=BEh2RdArhuHCDxeuXGimkw%3D%3D&trackingId=4sISz4SHxgNaWRyojJE%2BAQ%3D%3D&trk=flagship3_search_srp_jobs
3980986422,Solution Implementor,https://www.linkedin.com/jobs/view/3980986422/?eBP=NON_CHARGEABLE_CHANNEL&refId=BEh2RdArhuHCDxeuXGimkw%3D%3D&trackingId=xROByl38lrzRyzgdpEFXGQ%3D%3D&trk=flagship3_search_srp_jobs
4159343812,Presales Lead (Mekari Officeless),https://www.linkedin.com/jobs/view/4159343812/?eBP=NON_CHARGEABLE_CHANNEL&refId=BEh2RdArhuHCDxeuXGimkw%3D%3D&trackingId=JX3R0Q3tAWpuGB4xsnip2Q%3D%3D&trk=flagship3_search_srp_jobs
3947703230,Product Marketing Manager,https://www.linkedin.com/jobs/view/3947703230/?eBP=NON_CHARGEABLE_CHANNEL&refId=BEh2RdArhuHCDxeuXGimkw%3D%3D&trackingId=cfJOZa0GuEivUmmPSMA3nw%3D%3D&trk=flagship3_search_srp_jobs
3975869628,DevOps Engineering Manager,https://www.linkedin.com/jobs/view/3975869628/?eBP=NON_CHARGEABLE_CHANNEL&refId=BEh2RdArhuHCDxeuXGimkw%3D%3D&trackingId=Fi6ubvwsf%2FD6L3MD2F3lcg%3D%3D&trk=flagship3_search_srp_jobs
3607482139,Presales (Mekari Qontak),https://www.linkedin.com/jobs/view/3607482139/?eBP=NON_CHARGEABLE_CHANNEL&refId=BEh2RdArhuHCDxeuXGimkw%3D%3D&trackingId=fOiJrB90G090S1nqv9bSuA%3D%3D&trk=flagship3_search_srp_jobs
4199445480,Activation Intern - Yogyakarta Placement (Next Level Internship),https://www.linkedin.com/jobs/view/4199445480/?eBP=NON_CHARGEABLE_CHANNEL&refId=BEh2RdArhuHCDxeuXGimkw%3D%3D&trackingId=us1ZD38ptZ1P3poshl21sQ%3D%3D&trk=flagship3_search_srp_jobs
4094467725,Senior Activation - Chatbot QC (Mekari Qontak),https://www.linkedin.com/jobs/view/4094467725/?eBP=NON_CHARGEABLE_CHANNEL&refId=BEh2RdArhuHCDxeuXGimkw%3D%3D&trackingId=e%2FMRtyrSYamh2%2BrIFXXmkg%3D%3D&trk=flagship3_search_srp_jobs
3955555795,Customer Success Manager (Mekari Jurnal),https://www.linkedin.com/jobs/view/3955555795/?eBP=NON_CHARGEABLE_CHANNEL&refId=4vGsHypOMWa3fPHjVvLZ9w%3D%3D&trackingId=Aiiwud4E9q5xhG4lvcjw%2FQ%3D%3D&trk=flagship3_search_srp_jobs
3410548560,Activation Specialist - Chatbot QC (Mekari Qontak),https://www.linkedin.com/jobs/view/3410548560/?eBP=NON_CHARGEABLE_CHANNEL&refId=4vGsHypOMWa3fPHjVvLZ9w%3D%3D&trackingId=9qpPq08HdcncEA211G%2FtyA%3D%3D&trk=flagship3_search_srp_jobs
4183791016,Customer Engagement,https://www.linkedin.com/jobs/view/4183791016/?eBP=NON_CHARGEABLE_CHANNEL&refId=4vGsHypOMWa3fPHjVvLZ9w%3D%3D&trackingId=%2Ftn%2B1xldtK93cspx%2FKgG6g%3D%3D&trk=flagship3_search_srp_jobs
4092225902,Customer Support (Mekari Sign),https://www.linkedin.com/jobs/view/4092225902/?eBP=NON_CHARGEABLE_CHANNEL&refId=4vGsHypOMWa3fPHjVvLZ9w%3D%3D&trackingId=DpP4%2BTqUua1r5WmyGUCunA%3D%3D&trk=flagship3_search_srp_jobs
3918957183,IT Auditor,https://www.linkedin.com/jobs/view/3918957183/?eBP=NON_CHARGEABLE_CHANNEL&refId=4vGsHypOMWa3fPHjVvLZ9w%3D%3D&trackingId=hLU0mzPcK6Zyui02fUwh1A%3D%3D&trk=flagship3_search_srp_jobs
3955456397,Junior Customer Success (Mekari Sign),https://www.linkedin.com/jobs/view/3955456397/?eBP=NON_CHARGEABLE_CHANNEL&refId=4vGsHypOMWa3fPHjVvLZ9w%3D%3D&trackingId=L5IQ6NjaQj3E8Eli8KbYaw%3D%3D&trk=flagship3_search_srp_jobs
4106568036,Business Verification Specialist - Yogyakarta Placement,https://www.linkedin.com/jobs/view/4106568036/?eBP=NON_CHARGEABLE_CHANNEL&refId=4vGsHypOMWa3fPHjVvLZ9w%3D%3D&trackingId=MhwZxRQI5eE3W8rbHHqlhQ%3D%3D&trk=flagship3_search_srp_jobs
3607478877,Marketing Associate - Medan,https://www.linkedin.com/jobs/view/3607478877/?eBP=NON_CHARGEABLE_CHANNEL&refId=4vGsHypOMWa3fPHjVvLZ9w%3D%3D&trackingId=pk1WIWmVjxgCKHl3Bfky2Q%3D%3D&trk=flagship3_search_srp_jobs
3410544960,Business Development (Mekari Klikpajak),https://www.linkedin.com/jobs/view/3410544960/?eBP=NON_CHARGEABLE_CHANNEL&refId=4vGsHypOMWa3fPHjVvLZ9w%3D%3D&trackingId=NIhzQ2b%2Fye%2BAYiEH%2BZH2qw%3D%3D&trk=flagship3_search_srp_jobs
3638082977,Sales Commercial Insight,https://www.linkedin.com/jobs/view/3638082977/?eBP=NON_CHARGEABLE_CHANNEL&refId=4vGsHypOMWa3fPHjVvLZ9w%3D%3D&trackingId=FccKQvINimKAKzDxOpV9Ug%3D%3D&trk=flagship3_search_srp_jobs
3936157384,"Head of Performance Marketing, AVP",https://www.linkedin.com/jobs/view/3936157384/?eBP=NON_CHARGEABLE_CHANNEL&refId=4vGsHypOMWa3fPHjVvLZ9w%3D%3D&trackingId=ewh%2B6HFz%2BhK9ZwpC6tboCQ%3D%3D&trk=flagship3_search_srp_jobs
3918478381,Referral Partner Manager,https://www.linkedin.com/jobs/view/3918478381/?eBP=NON_CHARGEABLE_CHANNEL&refId=4vGsHypOMWa3fPHjVvLZ9w%3D%3D&trackingId=GWP2OcTBCJhDBp5I2ukShQ%3D%3D&trk=flagship3_search_srp_jobs
3443459334,Business Development (Mekari Sign),https://www.linkedin.com/jobs/view/3443459334/?eBP=NON_CHARGEABLE_CHANNEL&refId=4vGsHypOMWa3fPHjVvLZ9w%3D%3D&trackingId=k6yOwrhH%2FAdbyNr%2F9oHcmg%3D%3D&trk=flagship3_search_srp_jobs
4177223172,Database Administrator 2,https://www.linkedin.com/jobs/view/4177223172/?eBP=NON_CHARGEABLE_CHANNEL&refId=4vGsHypOMWa3fPHjVvLZ9w%3D%3D&trackingId=r6gcyLcgD0P8kxbvkveA1Q%3D%3D&trk=flagship3_search_srp_jobs
3259743154,Business Development (Financial Service),https://www.linkedin.com/jobs/view/3259743154/?eBP=NON_CHARGEABLE_CHANNEL&refId=4vGsHypOMWa3fPHjVvLZ9w%3D%3D&trackingId=Dk172ZkDGrAgJqYFbkRdqQ%3D%3D&trk=flagship3_search_srp_jobs
3607481304,Marketing Support Partnership,https://www.linkedin.com/jobs/view/3607481304/?eBP=NON_CHARGEABLE_CHANNEL&refId=4vGsHypOMWa3fPHjVvLZ9w%3D%3D&trackingId=%2BcInLys66jGqdvWi9G4cGA%3D%3D&trk=flagship3_search_srp_jobs
3994105352,Senior Account Manager (Mekari Officeless),https://www.linkedin.com/jobs/view/3994105352/?eBP=NON_CHARGEABLE_CHANNEL&refId=4vGsHypOMWa3fPHjVvLZ9w%3D%3D&trackingId=e2GVN54NGJFVOxzeH5bstg%3D%3D&trk=flagship3_search_srp_jobs
4134825171,Activation Specialist (Mekari Jurnal) - Yogyakarta Placement,https://www.linkedin.com/jobs/view/4134825171/?eBP=NON_CHARGEABLE_CHANNEL&refId=4vGsHypOMWa3fPHjVvLZ9w%3D%3D&trackingId=4gUkHKXFuRYtL9ge0O4gew%3D%3D&trk=flagship3_search_srp_jobs
4177220500,Office Assistant,https://www.linkedin.com/jobs/view/4177220500/?eBP=NON_CHARGEABLE_CHANNEL&refId=4vGsHypOMWa3fPHjVvLZ9w%3D%3D&trackingId=9hOaTmGO7BT%2BG%2BF0SctNxQ%3D%3D&trk=flagship3_search_srp_jobs
4184548019,Customer Support (Mekari Talenta),https://www.linkedin.com/jobs/view/4184548019/?eBP=NON_CHARGEABLE_CHANNEL&refId=4vGsHypOMWa3fPHjVvLZ9w%3D%3D&trackingId=bXlxL5FHd64fTEuxrY4g0g%3D%3D&trk=flagship3_search_srp_jobs
4183790016,Activation Specialist (Mekari Qontak) - Yogyakarta Placement,https://www.linkedin.com/jobs/view/4183790016/?eBP=NON_CHARGEABLE_CHANNEL&refId=4vGsHypOMWa3fPHjVvLZ9w%3D%3D&trackingId=dNqE8jAe4PZkmgSulqLqOw%3D%3D&trk=flagship3_search_srp_jobs
4151770581,HR Development Implementor,https://www.linkedin.com/jobs/view/4151770581/?eBP=NON_CHARGEABLE_CHANNEL&refId=4vGsHypOMWa3fPHjVvLZ9w%3D%3D&trackingId=ThRXXgK%2F8jll7XpimHt7bw%3D%3D&trk=flagship3_search_srp_jobs
3955561592,Technical Customer Success (Mekari Qontak),https://www.linkedin.com/jobs/view/3955561592/?eBP=NON_CHARGEABLE_CHANNEL&refId=4vGsHypOMWa3fPHjVvLZ9w%3D%3D&trackingId=34XUq4EhUD4OrVmGG4d1ZQ%3D%3D&trk=flagship3_search_srp_jobs
4094466717,Customer Support (Mekari Jurnal),https://www.linkedin.com/jobs/view/4094466717/?eBP=NON_CHARGEABLE_CHANNEL&refId=4vGsHypOMWa3fPHjVvLZ9w%3D%3D&trackingId=7T58Wmeq%2BA24zsGHbk3fgQ%3D%3D&trk=flagship3_search_srp_jobs
4184548017,Customer Support (Mekari Klikpajak) - Yogyakarta Placement,https://www.linkedin.com/jobs/view/4184548017/?eBP=NON_CHARGEABLE_CHANNEL&refId=4vGsHypOMWa3fPHjVvLZ9w%3D%3D&trackingId=wqY7OIsMOSubbc32evgVpA%3D%3D&trk=flagship3_search_srp_jobs
3607481361,Senior Business Development 1,https://www.linkedin.com/jobs/view/3607481361/?eBP=NON_CHARGEABLE_CHANNEL&refId=xVhZgXfjO0pqK0qOQceewQ%3D%3D&trackingId=J8FD74OBCi6bp7mW6BRaYA%3D%3D&trk=flagship3_search_srp_jobs
4094466794,Senior Business Development (Mekari Qontak),https://www.linkedin.com/jobs/view/4094466794/?eBP=NON_CHARGEABLE_CHANNEL&refId=xVhZgXfjO0pqK0qOQceewQ%3D%3D&trackingId=dtxMv4%2Bzg1e9feSDzJGVuw%3D%3D&trk=flagship3_search_srp_jobs
4158220410,Customer Support (Mekari Jurnal) - Yogyakarta Placement,https://www.linkedin.com/jobs/view/4158220410/?eBP=NON_CHARGEABLE_CHANNEL&refId=xVhZgXfjO0pqK0qOQceewQ%3D%3D&trackingId=uUvitA8Whujj13AMEAPyGQ%3D%3D&trk=flagship3_search_srp_jobs
3607484045,Presales (Mekari Jurnal),https://www.linkedin.com/jobs/view/3607484045/?eBP=NON_CHARGEABLE_CHANNEL&refId=xVhZgXfjO0pqK0qOQceewQ%3D%3D&trackingId=%2F0DgSk39ym%2Fd%2Bjb4W%2ByNhw%3D%3D&trk=flagship3_search_srp_jobs
4183785358,Customer Support (Mekari Talenta) - Yogyakarta Placement,https://www.linkedin.com/jobs/view/4183785358/?eBP=NON_CHARGEABLE_CHANNEL&refId=xVhZgXfjO0pqK0qOQceewQ%3D%3D&trackingId=QL%2FMIhobnJBMVyfbj%2BDU3w%3D%3D&trk=flagship3_search_srp_jobs
4104357001,Activation Admin - Yogyakarta Placement,https://www.linkedin.com/jobs/view/4104357001/?eBP=NON_CHARGEABLE_CHANNEL&refId=xVhZgXfjO0pqK0qOQceewQ%3D%3D&trackingId=vAJy7OKPx1gozLpliB4VUg%3D%3D&trk=flagship3_search_srp_jobs
3994108195,Account Executive (Mekari Officeless),https://www.linkedin.com/jobs/view/3994108195/?eBP=NON_CHARGEABLE_CHANNEL&refId=xVhZgXfjO0pqK0qOQceewQ%3D%3D&trackingId=5kw%2F6MWoAF6ab4xxr%2FvTyw%3D%3D&trk=flagship3_search_srp_jobs
3869963057,Information Security Architect,https://www.linkedin.com/jobs/view/3869963057/?eBP=NON_CHARGEABLE_CHANNEL&refId=xVhZgXfjO0pqK0qOQceewQ%3D%3D&trackingId=GpGpnaqpQiNdQM6HzPsxdw%3D%3D&trk=flagship3_search_srp_jobs
3955562318,User Acquisition Officer,https://www.linkedin.com/jobs/view/3955562318/?eBP=NON_CHARGEABLE_CHANNEL&refId=xVhZgXfjO0pqK0qOQceewQ%3D%3D&trackingId=eKSQYZMjQZEmwVrLfl1Mug%3D%3D&trk=flagship3_search_srp_jobs
4188308598,Activation Specialist (Mekari Talenta) - Bali Placement,https://www.linkedin.com/jobs/view/4188308598/?eBP=NON_CHARGEABLE_CHANNEL&refId=xVhZgXfjO0pqK0qOQceewQ%3D%3D&trackingId=NrdoFU9SboV0ApEHV%2BWzPQ%3D%3D&trk=flagship3_search_srp_jobs
3607478806,Customer Success Specialist (Mekari Talenta),https://www.linkedin.com/jobs/view/3607478806/?eBP=NON_CHARGEABLE_CHANNEL&refId=xVhZgXfjO0pqK0qOQceewQ%3D%3D&trackingId=M13nUlGSZk35zwhwGIeiTQ%3D%3D&trk=flagship3_search_srp_jobs
4183783778,Product Security Manager,https://www.linkedin.com/jobs/view/4183783778/?eBP=NON_CHARGEABLE_CHANNEL&refId=xVhZgXfjO0pqK0qOQceewQ%3D%3D&trackingId=fc7MMSdkIZP5OY12BF5%2F1g%3D%3D&trk=flagship3_search_srp_jobs
3607481345,Registrations Officer,https://www.linkedin.com/jobs/view/3607481345/?eBP=NON_CHARGEABLE_CHANNEL&refId=xVhZgXfjO0pqK0qOQceewQ%3D%3D&trackingId=nzUcpIpr5uMKXOFCesIE6Q%3D%3D&trk=flagship3_search_srp_jobs
4000196288,Activation Specialist (Mekari Jurnal),https://www.linkedin.com/jobs/view/4000196288/?eBP=NON_CHARGEABLE_CHANNEL&refId=xVhZgXfjO0pqK0qOQceewQ%3D%3D&trackingId=FpH0Y6NtP3GRHatv5qoRdg%3D%3D&trk=flagship3_search_srp_jobs
3955556663,Head of Payment Solution,https://www.linkedin.com/jobs/view/3955556663/?eBP=NON_CHARGEABLE_CHANNEL&refId=xVhZgXfjO0pqK0qOQceewQ%3D%3D&trackingId=nezOxhMXnAqgQ3RBYwV%2B8g%3D%3D&trk=flagship3_search_srp_jobs
4186289924,Customer Advocacy &amp; Community Associate,https://www.linkedin.com/jobs/view/4186289924/?eBP=NON_CHARGEABLE_CHANNEL&refId=xVhZgXfjO0pqK0qOQceewQ%3D%3D&trackingId=clelRjCmcTUzROxUXBomcg%3D%3D&trk=flagship3_search_srp_jobs
3955562225,Senior Activation - Omnichannel &amp; CRM (Mekari Qontak),https://www.linkedin.com/jobs/view/3955562225/?eBP=NON_CHARGEABLE_CHANNEL&refId=xVhZgXfjO0pqK0qOQceewQ%3D%3D&trackingId=6P47t16LPOEZgSegSqmgpw%3D%3D&trk=flagship3_search_srp_jobs
4200600361,Tax Intern (Next Level Internship),https://www.linkedin.com/jobs/view/4200600361/?eBP=NON_CHARGEABLE_CHANNEL&refId=xVhZgXfjO0pqK0qOQceewQ%3D%3D&trackingId=xIMBND3XOy9xTLb6BehoaQ%3D%3D&trk=flagship3_search_srp_jobs
3607479523,Customer Success Specialist (Mekari Qontak),https://www.linkedin.com/jobs/view/3607479523/?eBP=NON_CHARGEABLE_CHANNEL&refId=xVhZgXfjO0pqK0qOQceewQ%3D%3D&trackingId=Aa64vJkdB%2Fyc2aS95SiLMw%3D%3D&trk=flagship3_search_srp_jobs
4172692749,Litigation Associate,https://www.linkedin.com/jobs/view/4172692749/?eBP=NON_CHARGEABLE_CHANNEL&refId=xVhZgXfjO0pqK0qOQceewQ%3D%3D&trackingId=Qymo9LmhmPHpZgeXjIUJ6w%3D%3D&trk=flagship3_search_srp_jobs
3607482052,Customer Success Specialist (Mekari Jurnal),https://www.linkedin.com/jobs/view/3607482052/?eBP=NON_CHARGEABLE_CHANNEL&refId=xVhZgXfjO0pqK0qOQceewQ%3D%3D&trackingId=iTXtj%2FapZbCqNvxLrISbZA%3D%3D&trk=flagship3_search_srp_jobs
3607481364,Senior Customer Success Manager,https://www.linkedin.com/jobs/view/3607481364/?eBP=NON_CHARGEABLE_CHANNEL&refId=xVhZgXfjO0pqK0qOQceewQ%3D%3D&trackingId=uCp73MXxaXJaZvMKOdNHMg%3D%3D&trk=flagship3_search_srp_jobs
4094469434,Certification Specialist Lead (Mekari University),https://www.linkedin.com/jobs/view/4094469434/?eBP=NON_CHARGEABLE_CHANNEL&refId=xVhZgXfjO0pqK0qOQceewQ%3D%3D&trackingId=TqTxx6rarVDoFEjAzbDc6w%3D%3D&trk=flagship3_search_srp_jobs
3956940087,Head of Product Security Engineering,https://www.linkedin.com/jobs/view/3956940087/?eBP=NON_CHARGEABLE_CHANNEL&refId=xVhZgXfjO0pqK0qOQceewQ%3D%3D&trackingId=o4DvruHzYkuzLCCSx4K3Yw%3D%3D&trk=flagship3_search_srp_jobs
4000197253,Activation Specialist (Mekari Jurnal),https://www.linkedin.com/jobs/view/4000197253/?eBP=NON_CHARGEABLE_CHANNEL&refId=xVhZgXfjO0pqK0qOQceewQ%3D%3D&trackingId=gpYMkm%2BvlKi3kUVU1UttTQ%3D%3D&trk=flagship3_search_srp_jobs
3946442736,Legal Associate,https://www.linkedin.com/jobs/view/3946442736/?eBP=NON_CHARGEABLE_CHANNEL&refId=2NxbLnphZAKIjdA3K8tMQw%3D%3D&trackingId=wz6c%2F37pfkIn%2BoDSHz1MQQ%3D%3D&trk=flagship3_search_srp_jobs
4008435875,Senior Brand Marketing (Mekari Officeless),https://www.linkedin.com/jobs/view/4008435875/?eBP=NON_CHARGEABLE_CHANNEL&refId=2NxbLnphZAKIjdA3K8tMQw%3D%3D&trackingId=2%2FOkXaBVl4gBNdzyWVjU9w%3D%3D&trk=flagship3_search_srp_jobs
3779118579,Account Manager - SMB,https://www.linkedin.com/jobs/view/3779118579/?eBP=NON_CHARGEABLE_CHANNEL&refId=2NxbLnphZAKIjdA3K8tMQw%3D%3D&trackingId=dhRy9bhkMhnQ7vti3gbTcg%3D%3D&trk=flagship3_search_srp_jobs
4181505921,Senior Product Security Engineer,https://www.linkedin.com/jobs/view/4181505921/?eBP=NON_CHARGEABLE_CHANNEL&refId=2NxbLnphZAKIjdA3K8tMQw%3D%3D&trackingId=ruPz4G%2BRr%2BZzFd%2FCYXaJTA%3D%3D&trk=flagship3_search_srp_jobs
3955556658,Head of Activation (Mekari Talenta),https://www.linkedin.com/jobs/view/3955556658/?eBP=NON_CHARGEABLE_CHANNEL&refId=2NxbLnphZAKIjdA3K8tMQw%3D%3D&trackingId=QKoKILP3JTmdE7zFdjH16w%3D%3D&trk=flagship3_search_srp_jobs
3918479225,Business Development Lead - International Sales,https://www.linkedin.com/jobs/view/3918479225/?eBP=NON_CHARGEABLE_CHANNEL&refId=2NxbLnphZAKIjdA3K8tMQw%3D%3D&trackingId=MExCRavWBvTzOrneXfoA%2BA%3D%3D&trk=flagship3_search_srp_jobs
4177222357,Activation Specialist (Mekari Jurnal),https://www.linkedin.com/jobs/view/4177222357/?eBP=NON_CHARGEABLE_CHANNEL&refId=2NxbLnphZAKIjdA3K8tMQw%3D%3D&trackingId=UzFaaCgMPjTvE3IJLv1pRQ%3D%3D&trk=flagship3_search_srp_jobs
4022916109,Information Security and Compliance Manager,https://www.linkedin.com/jobs/view/4022916109/?eBP=NON_CHARGEABLE_CHANNEL&refId=2NxbLnphZAKIjdA3K8tMQw%3D%3D&trackingId=Ky8ntxXp79XMAjeBG8i8GA%3D%3D&trk=flagship3_search_srp_jobs
3955456613,Sales Project Coordinator,https://www.linkedin.com/jobs/view/3955456613/?eBP=NON_CHARGEABLE_CHANNEL&refId=2NxbLnphZAKIjdA3K8tMQw%3D%3D&trackingId=39Vn2ZqnKcBwHxm4uCSeUQ%3D%3D&trk=flagship3_search_srp_jobs
3955560248,Credit Analyst,https://www.linkedin.com/jobs/view/3955560248/?eBP=NON_CHARGEABLE_CHANNEL&refId=2NxbLnphZAKIjdA3K8tMQw%3D%3D&trackingId=MN0FkJKzezi2yDpffIt%2FFQ%3D%3D&trk=flagship3_search_srp_jobs
4188859057,Sales Development Representative,https://www.linkedin.com/jobs/view/4188859057/?eBP=NON_CHARGEABLE_CHANNEL&refId=2NxbLnphZAKIjdA3K8tMQw%3D%3D&trackingId=hduZIFaT2zloUwOQxeP0FQ%3D%3D&trk=flagship3_search_srp_jobs
4177222376,Senior Database Administrator 1,https://www.linkedin.com/jobs/view/4177222376/?eBP=NON_CHARGEABLE_CHANNEL&refId=2NxbLnphZAKIjdA3K8tMQw%3D%3D&trackingId=gRCkTrwro4FXNyiJW4A7lQ%3D%3D&trk=flagship3_search_srp_jobs
3607479620,Portfolio Administrator,https://www.linkedin.com/jobs/view/3607479620/?eBP=NON_CHARGEABLE_CHANNEL&refId=2NxbLnphZAKIjdA3K8tMQw%3D%3D&trackingId=udUPvH6Kbq6VwHYvevO8Xw%3D%3D&trk=flagship3_search_srp_jobs
3944128154,Re-Training Supervisor,https://www.linkedin.com/jobs/view/3944128154/?eBP=NON_CHARGEABLE_CHANNEL&refId=2NxbLnphZAKIjdA3K8tMQw%3D%3D&trackingId=Q2f9fhqvmsR4digwnNuUcw%3D%3D&trk=flagship3_search_srp_jobs
4184546094,Chief Information Security Officer (CISO),https://www.linkedin.com/jobs/view/4184546094/?eBP=NON_CHARGEABLE_CHANNEL&refId=2NxbLnphZAKIjdA3K8tMQw%3D%3D&trackingId=FlmTGbVIE9fKzU9zl1CLUQ%3D%3D&trk=flagship3_search_srp_jobs
4184546095,Service QA Associate,https://www.linkedin.com/jobs/view/4184546095/?eBP=NON_CHARGEABLE_CHANNEL&refId=2NxbLnphZAKIjdA3K8tMQw%3D%3D&trackingId=xicllAtRzljzO5Mj5hEUSQ%3D%3D&trk=flagship3_search_srp_jobs
3911888693,Referral Operation (Mekari Stream),https://www.linkedin.com/jobs/view/3911888693/?eBP=NON_CHARGEABLE_CHANNEL&refId=2NxbLnphZAKIjdA3K8tMQw%3D%3D&trackingId=RfnRzNd2Tfgj1CKFlaFhIw%3D%3D&trk=flagship3_search_srp_jobs
4200095154,Sales Development Representative (Financial Service),https://www.linkedin.com/jobs/view/4200095154/?eBP=NON_CHARGEABLE_CHANNEL&refId=2NxbLnphZAKIjdA3K8tMQw%3D%3D&trackingId=z3VYa2xUhG0QmAfoCLbD0A%3D%3D&trk=flagship3_search_srp_jobs
4110962559,Activation Manager (Mekari Qontak),https://www.linkedin.com/jobs/view/4110962559/?eBP=NON_CHARGEABLE_CHANNEL&refId=2NxbLnphZAKIjdA3K8tMQw%3D%3D&trackingId=cR3vtwJPHaKhl6rDX8j3qQ%3D%3D&trk=flagship3_search_srp_jobs
4055958995,Engineering Manager - Database Administrator,https://www.linkedin.com/jobs/view/4055958995/?eBP=NON_CHARGEABLE_CHANNEL&refId=2NxbLnphZAKIjdA3K8tMQw%3D%3D&trackingId=Ox%2BuSub3wAvOqMp4y556ZQ%3D%3D&trk=flagship3_search_srp_jobs
4198580066,Aftersales Operation Intern (Next Level Internship),https://www.linkedin.com/jobs/view/4198580066/?eBP=NON_CHARGEABLE_CHANNEL&refId=2NxbLnphZAKIjdA3K8tMQw%3D%3D&trackingId=B%2F%2F8l6BzlEhFcWx5pfCBuA%3D%3D&trk=flagship3_search_srp_jobs
3410553130,Account Manager - Large Enterprise (Cross Product),https://www.linkedin.com/jobs/view/3410553130/?eBP=NON_CHARGEABLE_CHANNEL&refId=2NxbLnphZAKIjdA3K8tMQw%3D%3D&trackingId=W78o4Y61bDuhdxmi8vXwcg%3D%3D&trk=flagship3_search_srp_jobs
3955452722,Business Development Representative Lead,https://www.linkedin.com/jobs/view/3955452722/?eBP=NON_CHARGEABLE_CHANNEL&refId=2NxbLnphZAKIjdA3K8tMQw%3D%3D&trackingId=jG2vMMuFHrdQ2UyBte3f0A%3D%3D&trk=flagship3_search_srp_jobs
4104164511,Partner Renewal Specialist,https://www.linkedin.com/jobs/view/4104164511/?eBP=NON_CHARGEABLE_CHANNEL&refId=2NxbLnphZAKIjdA3K8tMQw%3D%3D&trackingId=yGC4UXlYUnF9VGOHhYPkAg%3D%3D&trk=flagship3_search_srp_jobs
3276058960,Activation Specialist (Mekari Jurnal),https://www.linkedin.com/jobs/view/3276058960/?eBP=NON_CHARGEABLE_CHANNEL&refId=2NxbLnphZAKIjdA3K8tMQw%3D%3D&trackingId=brED7Icsk4FOKJihr%2FFSUA%3D%3D&trk=flagship3_search_srp_jobs
4127491756,Junior Payroll Specialist - Yogyakarta Placement,https://www.linkedin.com/jobs/view/4127491756/?eBP=NON_CHARGEABLE_CHANNEL&refId=LjDe%2BLkCFfjhPRYhuRvDfg%3D%3D&trackingId=lXuLt2BDW4yfr5OqT04fBQ%3D%3D&trk=flagship3_search_srp_jobs
4150289998,Receptionist,https://www.linkedin.com/jobs/view/4150289998/?eBP=NON_CHARGEABLE_CHANNEL&refId=LjDe%2BLkCFfjhPRYhuRvDfg%3D%3D&trackingId=a61cnfVIsIHGt6TS0Gyc3A%3D%3D&trk=flagship3_search_srp_jobs
4184724878,Aftersales Admin - Yogyakarta Placement,https://www.linkedin.com/jobs/view/4184724878/?eBP=NON_CHARGEABLE_CHANNEL&refId=LjDe%2BLkCFfjhPRYhuRvDfg%3D%3D&trackingId=OM6t2as1sLARgp%2FFx7Iq%2Fg%3D%3D&trk=flagship3_search_srp_jobs
4027705466,Presales (Mekari Officeless),https://www.linkedin.com/jobs/view/4027705466/?eBP=NON_CHARGEABLE_CHANNEL&refId=LjDe%2BLkCFfjhPRYhuRvDfg%3D%3D&trackingId=2FrdGFZuq9HqwQocCRdzbA%3D%3D&trk=flagship3_search_srp_jobs
4198579151,Payroll Specialist Intern (Next Level Internship),https://www.linkedin.com/jobs/view/4198579151/?eBP=NON_CHARGEABLE_CHANNEL&refId=LjDe%2BLkCFfjhPRYhuRvDfg%3D%3D&trackingId=IQjsmydA7J%2FNN8sb2iCJkA%3D%3D&trk=flagship3_search_srp_jobs
3445206366,Account Management Admin,https://www.linkedin.com/jobs/view/3445206366/?eBP=NON_CHARGEABLE_CHANNEL&refId=LjDe%2BLkCFfjhPRYhuRvDfg%3D%3D&trackingId=Bf8kF1%2FKA2Dl6XYuyw5zQA%3D%3D&trk=flagship3_search_srp_jobs
3955555680,Activation Specialist (Mekari Klikpajak),https://www.linkedin.com/jobs/view/3955555680/?eBP=NON_CHARGEABLE_CHANNEL&refId=LjDe%2BLkCFfjhPRYhuRvDfg%3D%3D&trackingId=u7Kwk77o%2FFCokqullUfL1g%3D%3D&trk=flagship3_search_srp_jobs
4094464950,Head of Brand Marketing,https://www.linkedin.com/jobs/view/4094464950/?eBP=NON_CHARGEABLE_CHANNEL&refId=LjDe%2BLkCFfjhPRYhuRvDfg%3D%3D&trackingId=MYQ9eoBGabbcq8OaXfI6%2Bw%3D%3D&trk=flagship3_search_srp_jobs
4148758762,Senior IT Auditor,https://www.linkedin.com/jobs/view/4148758762/?eBP=NON_CHARGEABLE_CHANNEL&refId=LjDe%2BLkCFfjhPRYhuRvDfg%3D%3D&trackingId=A%2FgmX06xC28BNb4TZ9apRg%3D%3D&trk=flagship3_search_srp_jobs
4000196285,Activation Specialist (Mekari Jurnal),https://www.linkedin.com/jobs/view/4000196285/?eBP=NON_CHARGEABLE_CHANNEL&refId=LjDe%2BLkCFfjhPRYhuRvDfg%3D%3D&trackingId=dpR0bTaMYp5zK2piQXaWYQ%3D%3D&trk=flagship3_search_srp_jobs
4092230574,Service QA Associate - Yogyakarta Placement,https://www.linkedin.com/jobs/view/4092230574/?eBP=NON_CHARGEABLE_CHANNEL&refId=LjDe%2BLkCFfjhPRYhuRvDfg%3D%3D&trackingId=QrYh%2FKh7vwPqubJIN7V9pw%3D%3D&trk=flagship3_search_srp_jobs
3955459301,Underwriting Specialist,https://www.linkedin.com/jobs/view/3955459301/?eBP=NON_CHARGEABLE_CHANNEL&refId=LjDe%2BLkCFfjhPRYhuRvDfg%3D%3D&trackingId=9F6ng%2FSAxnV%2FyJJNYl7Eaw%3D%3D&trk=flagship3_search_srp_jobs
4005382026,Senior Infosec &amp; Compliance Officer,https://www.linkedin.com/jobs/view/4005382026/?eBP=NON_CHARGEABLE_CHANNEL&refId=LjDe%2BLkCFfjhPRYhuRvDfg%3D%3D&trackingId=OB8mu1m5y8uUBTLo9Sx1qA%3D%3D&trk=flagship3_search_srp_jobs
4188859058,Sales Assistant,https://www.linkedin.com/jobs/view/4188859058/?eBP=NON_CHARGEABLE_CHANNEL&refId=LjDe%2BLkCFfjhPRYhuRvDfg%3D%3D&trackingId=hzd%2BMAIgzoIZ196TCC%2F0cw%3D%3D&trk=flagship3_search_srp_jobs
4028224837,Infosec &amp; Compliance Manager,https://www.linkedin.com/jobs/view/4028224837/?eBP=NON_CHARGEABLE_CHANNEL&refId=LjDe%2BLkCFfjhPRYhuRvDfg%3D%3D&trackingId=StAjCnApm77oqvCez5tZ6Q%3D%3D&trk=flagship3_search_srp_jobs
4184543617,Junior Payroll Specialist,https://www.linkedin.com/jobs/view/4184543617/?eBP=NON_CHARGEABLE_CHANNEL&refId=LjDe%2BLkCFfjhPRYhuRvDfg%3D%3D&trackingId=JZIEDejpKIh4s6PcEGm0hw%3D%3D&trk=flagship3_search_srp_jobs
4000196293,Activation Specialist (Mekari Jurnal),https://www.linkedin.com/jobs/view/4000196293/?eBP=NON_CHARGEABLE_CHANNEL&refId=LjDe%2BLkCFfjhPRYhuRvDfg%3D%3D&trackingId=5zzIKKUd8Bm1wOQ%2BKbk9Xg%3D%3D&trk=flagship3_search_srp_jobs
3964085190,Senior Marketing Support Partnership,https://www.linkedin.com/jobs/view/3964085190/?eBP=NON_CHARGEABLE_CHANNEL&refId=LjDe%2BLkCFfjhPRYhuRvDfg%3D%3D&trackingId=S03ogjJK6M3VjPLeajmVyg%3D%3D&trk=flagship3_search_srp_jobs
3802221940,Sales Trainer,https://www.linkedin.com/jobs/view/3802221940/?eBP=NON_CHARGEABLE_CHANNEL&refId=LjDe%2BLkCFfjhPRYhuRvDfg%3D%3D&trackingId=pmEDQJpfPy%2BmFw7r03suZQ%3D%3D&trk=flagship3_search_srp_jobs
4112669741,Head of Enterprise Sales (SDR) &amp; Partnership Enablement,https://www.linkedin.com/jobs/view/4112669741/?eBP=NON_CHARGEABLE_CHANNEL&refId=LjDe%2BLkCFfjhPRYhuRvDfg%3D%3D&trackingId=S2ov71UQTJYQSSxHLmdSYQ%3D%3D&trk=flagship3_search_srp_jobs
3733267178,Activation Supervisor (Mekari Qontak),https://www.linkedin.com/jobs/view/3733267178/?eBP=NON_CHARGEABLE_CHANNEL&refId=LjDe%2BLkCFfjhPRYhuRvDfg%3D%3D&trackingId=Y3BpqlEFGTHDamtE%2FA4mXQ%3D%3D&trk=flagship3_search_srp_jobs
4150291411,Activation Specialist (Mekari Talenta) - Yogyakarta Placement,https://www.linkedin.com/jobs/view/4150291411/?eBP=NON_CHARGEABLE_CHANNEL&refId=LjDe%2BLkCFfjhPRYhuRvDfg%3D%3D&trackingId=ajkhFaarUcOi2ZEFqafx2g%3D%3D&trk=flagship3_search_srp_jobs
3358767854,Activation Specialist (Mekari Jurnal),https://www.linkedin.com/jobs/view/3358767854/?eBP=NON_CHARGEABLE_CHANNEL&refId=LjDe%2BLkCFfjhPRYhuRvDfg%3D%3D&trackingId=enCduld7qK4Beiw46%2F%2FSSg%3D%3D&trk=flagship3_search_srp_jobs
4175846480,Sales Development Representative - Outbound (Mekari eSign),https://www.linkedin.com/jobs/view/4175846480/?eBP=NON_CHARGEABLE_CHANNEL&refId=LjDe%2BLkCFfjhPRYhuRvDfg%3D%3D&trackingId=fdnCwdQxDIXk%2B0LPW2UYIA%3D%3D&trk=flagship3_search_srp_jobs
4124841353,Senior Business Development (Financial Service),https://www.linkedin.com/jobs/view/4124841353/?eBP=NON_CHARGEABLE_CHANNEL&refId=LjDe%2BLkCFfjhPRYhuRvDfg%3D%3D&trackingId=GAONaAGntv950R%2FJPi4B4A%3D%3D&trk=flagship3_search_srp_jobs
4000400108,Activation Specialist (Mekari Jurnal),https://www.linkedin.com/jobs/view/4000400108/?eBP=NON_CHARGEABLE_CHANNEL&refId=04nOSM20Qxg1zk7JInVjwQ%3D%3D&trackingId=kubzhkGAuENBSSHBQWgaQA%3D%3D&trk=flagship3_search_srp_jobs
4184543616,Activation Specialist (Mekari Talenta),https://www.linkedin.com/jobs/view/4184543616/?eBP=NON_CHARGEABLE_CHANNEL&refId=04nOSM20Qxg1zk7JInVjwQ%3D%3D&trackingId=EU03rX2hnkvlS7%2FYZWlGBw%3D%3D&trk=flagship3_search_srp_jobs
3607480331,Growth &amp; Activation Manager,https://www.linkedin.com/jobs/view/3607480331/?eBP=NON_CHARGEABLE_CHANNEL&refId=04nOSM20Qxg1zk7JInVjwQ%3D%3D&trackingId=1HhTZI4g6nmkKQxAatVyeA%3D%3D&trk=flagship3_search_srp_jobs
4000198256,Activation Specialist - Omnichannel &amp; CRM (Mekari Qontak),https://www.linkedin.com/jobs/view/4000198256/?eBP=NON_CHARGEABLE_CHANNEL&refId=04nOSM20Qxg1zk7JInVjwQ%3D%3D&trackingId=%2FNxO%2F8URK2azL6B2d5zvnQ%3D%3D&trk=flagship3_search_srp_jobs
3666565556,Telesales,https://www.linkedin.com/jobs/view/3666565556/?eBP=NON_CHARGEABLE_CHANNEL&refId=04nOSM20Qxg1zk7JInVjwQ%3D%3D&trackingId=RtyMv5AcRrdp%2B0yvKfk8Gg%3D%3D&trk=flagship3_search_srp_jobs
3789992873,Quality Control Specialist,https://www.linkedin.com/jobs/view/3789992873/?eBP=NON_CHARGEABLE_CHANNEL&refId=04nOSM20Qxg1zk7JInVjwQ%3D%3D&trackingId=Fc1%2BMxLfkc3Cjq83s13Qhg%3D%3D&trk=flagship3_search_srp_jobs
4184548022,Activation Specialist (Mekari Qontak),https://www.linkedin.com/jobs/view/4184548022/?eBP=NON_CHARGEABLE_CHANNEL&refId=04nOSM20Qxg1zk7JInVjwQ%3D%3D&trackingId=2tqeAfRljX4SN35jRGFN6Q%3D%3D&trk=flagship3_search_srp_jobs
4086321206,Account Manager (Financial Service),https://www.linkedin.com/jobs/view/4086321206/?eBP=NON_CHARGEABLE_CHANNEL&refId=04nOSM20Qxg1zk7JInVjwQ%3D%3D&trackingId=0XzlKpGEh6yq80DjxSJsoA%3D%3D&trk=flagship3_search_srp_jobs
4160460079,Account Management Admin Intern (Next Level Internship),https://www.linkedin.com/jobs/view/4160460079/?eBP=NON_CHARGEABLE_CHANNEL&refId=04nOSM20Qxg1zk7JInVjwQ%3D%3D&trackingId=WHJEveqtJUZgvER9Z9%2B5zA%3D%3D&trk=flagship3_search_srp_jobs
4019786081,Sales Manager - Surabaya (Mekari Jurnal),https://www.linkedin.com/jobs/view/4019786081/?eBP=NON_CHARGEABLE_CHANNEL&refId=04nOSM20Qxg1zk7JInVjwQ%3D%3D&trackingId=UGlyRp6HfunQSsv9WBX4Wg%3D%3D&trk=flagship3_search_srp_jobs
3808576498,Account Management Supervisor,https://www.linkedin.com/jobs/view/3808576498/?eBP=NON_CHARGEABLE_CHANNEL&refId=04nOSM20Qxg1zk7JInVjwQ%3D%3D&trackingId=b6yf%2F%2Fdb4B8RF85cI4BAPQ%3D%3D&trk=flagship3_search_srp_jobs
4184541846,Telesales,https://www.linkedin.com/jobs/view/4184541846/?eBP=NON_CHARGEABLE_CHANNEL&refId=04nOSM20Qxg1zk7JInVjwQ%3D%3D&trackingId=CiEuR%2FxZ4iS%2Fq6Z5ByNMGQ%3D%3D&trk=flagship3_search_srp_jobs
3607484082,Senior Quality Control,https://www.linkedin.com/jobs/view/3607484082/?eBP=NON_CHARGEABLE_CHANNEL&refId=04nOSM20Qxg1zk7JInVjwQ%3D%3D&trackingId=0ciUHFZeO2UL0rfV4T9QYA%3D%3D&trk=flagship3_search_srp_jobs
4000199194,Activation Specialist (Mekari Talenta),https://www.linkedin.com/jobs/view/4000199194/?eBP=NON_CHARGEABLE_CHANNEL&refId=04nOSM20Qxg1zk7JInVjwQ%3D%3D&trackingId=SkFC5MOomxmRvZItsOQDbA%3D%3D&trk=flagship3_search_srp_jobs
4175543150,Collection Associate,https://www.linkedin.com/jobs/view/4175543150/?eBP=NON_CHARGEABLE_CHANNEL&refId=04nOSM20Qxg1zk7JInVjwQ%3D%3D&trackingId=HPbE4TalQz0KQT77HPiwCQ%3D%3D&trk=flagship3_search_srp_jobs
3955556512,Activation Specialist (Financial Service),https://www.linkedin.com/jobs/view/3955556512/?eBP=NON_CHARGEABLE_CHANNEL&refId=04nOSM20Qxg1zk7JInVjwQ%3D%3D&trackingId=DXw3dRd1TrDzSlniKCCs9Q%3D%3D&trk=flagship3_search_srp_jobs
3607480405,Sales Manager,https://www.linkedin.com/jobs/view/3607480405/?eBP=NON_CHARGEABLE_CHANNEL&refId=04nOSM20Qxg1zk7JInVjwQ%3D%3D&trackingId=E%2BS9s5PofJFfLQuIxhYijQ%3D%3D&trk=flagship3_search_srp_jobs
3955558465,Head of Account Management,https://www.linkedin.com/jobs/view/3955558465/?eBP=NON_CHARGEABLE_CHANNEL&refId=04nOSM20Qxg1zk7JInVjwQ%3D%3D&trackingId=1S2qihcDh7UZ0qox6Ts7Vw%3D%3D&trk=flagship3_search_srp_jobs
3410545833,Activation Specialist (Mekari Sign),https://www.linkedin.com/jobs/view/3410545833/?eBP=NON_CHARGEABLE_CHANNEL&refId=04nOSM20Qxg1zk7JInVjwQ%3D%3D&trackingId=EKJBUT443SiqgFaVXhWCHw%3D%3D&trk=flagship3_search_srp_jobs
4092231171,Lead Database Administrator,https://www.linkedin.com/jobs/view/4092231171/?eBP=NON_CHARGEABLE_CHANNEL&refId=04nOSM20Qxg1zk7JInVjwQ%3D%3D&trackingId=9%2BnubiZsEdVv8Y%2BCBcLURA%3D%3D&trk=flagship3_search_srp_jobs
4177218654,Activation Specialist (Mekari Talenta),https://www.linkedin.com/jobs/view/4177218654/?eBP=NON_CHARGEABLE_CHANNEL&refId=04nOSM20Qxg1zk7JInVjwQ%3D%3D&trackingId=QHWRvK%2FZ%2FovewiJ%2B2yjcPw%3D%3D&trk=flagship3_search_srp_jobs
4151767915,Referral Associate - Sales (Mekari Sign),https://www.linkedin.com/jobs/view/4151767915/?eBP=NON_CHARGEABLE_CHANNEL&refId=04nOSM20Qxg1zk7JInVjwQ%3D%3D&trackingId=KgsZkvGuSXGphyFUWYv1NQ%3D%3D&trk=flagship3_search_srp_jobs
3918479347,Sales Coach Team Lead,https://www.linkedin.com/jobs/view/3918479347/?eBP=NON_CHARGEABLE_CHANNEL&refId=04nOSM20Qxg1zk7JInVjwQ%3D%3D&trackingId=ePSG8M71D3nkP22odulsLA%3D%3D&trk=flagship3_search_srp_jobs
4026287484,Head of Consumer (Financial Service),https://www.linkedin.com/jobs/view/4026287484/?eBP=NON_CHARGEABLE_CHANNEL&refId=04nOSM20Qxg1zk7JInVjwQ%3D%3D&trackingId=vuaTYwnSn6MiWuyR%2Bvej3A%3D%3D&trk=flagship3_search_srp_jobs
3736088414,Portfolio &amp; Collection Specialist,https://www.linkedin.com/jobs/view/3736088414/?eBP=NON_CHARGEABLE_CHANNEL&refId=04nOSM20Qxg1zk7JInVjwQ%3D%3D&trackingId=ytMXcJRf18%2BTUFNi1pKZkw%3D%3D&trk=flagship3_search_srp_jobs
3952722586,Sales Agent - Affiliate (Mekari Talenta),https://www.linkedin.com/jobs/view/3952722586/?eBP=NON_CHARGEABLE_CHANNEL&refId=BWbiMS9cKDkiHSV7ZbyLUA%3D%3D&trackingId=7MQwZg2fFeCXmelRI7OPmg%3D%3D&trk=flagship3_search_srp_jobs
3879997879,Legal Manager,https://www.linkedin.com/jobs/view/3879997879/?eBP=NON_CHARGEABLE_CHANNEL&refId=BWbiMS9cKDkiHSV7ZbyLUA%3D%3D&trackingId=g0Xypd6Dnf72KE61jqUG%2Bw%3D%3D&trk=flagship3_search_srp_jobs
3839359565,Telesales Expansion,https://www.linkedin.com/jobs/view/3839359565/?eBP=NON_CHARGEABLE_CHANNEL&refId=BWbiMS9cKDkiHSV7ZbyLUA%3D%3D&trackingId=zsBLXc7lEQeiCOokGhliKQ%3D%3D&trk=flagship3_search_srp_jobs
3640512473,Legal &amp; Compliance Associate,https://www.linkedin.com/jobs/view/3640512473/?eBP=NON_CHARGEABLE_CHANNEL&refId=BWbiMS9cKDkiHSV7ZbyLUA%3D%3D&trackingId=X65yd5V5wC0FveIQCfjj5w%3D%3D&trk=flagship3_search_srp_jobs
3619654512,Sales Development Representative Supervisor,https://www.linkedin.com/jobs/view/3619654512/?eBP=NON_CHARGEABLE_CHANNEL&refId=BWbiMS9cKDkiHSV7ZbyLUA%3D%3D&trackingId=hIOpmqHEEIs7hjqOP40RQg%3D%3D&trk=flagship3_search_srp_jobs
3955562250,Senior Litigation Associate,https://www.linkedin.com/jobs/view/3955562250/?eBP=NON_CHARGEABLE_CHANNEL&refId=BWbiMS9cKDkiHSV7ZbyLUA%3D%3D&trackingId=NKADtszRJ8rP3MkucZEQDg%3D%3D&trk=flagship3_search_srp_jobs
4159344746,Senior Legal & Compliance Associate (Financial Service),https://www.linkedin.com/jobs/view/4159344746/?eBP=NON_CHARGEABLE_CHANNEL&refId=BWbiMS9cKDkiHSV7ZbyLUA%3D%3D&trackingId=8%2B%2FrlkOQPFpHhBNRERJc0g%3D%3D&trk=flagship3_search_srp_jobs
3955456785,Telesales Manager (Mekari Qontak),https://www.linkedin.com/jobs/view/3955456785/?eBP=NON_CHARGEABLE_CHANNEL&refId=BWbiMS9cKDkiHSV7ZbyLUA%3D%3D&trackingId=zqwT6VWEeD%2B51iHXh4msYQ%3D%3D&trk=flagship3_search_srp_jobs
3918476720,Senior Legal &amp; Compliance Associate (Financial Service),https://www.linkedin.com/jobs/view/3918476720/?eBP=NON_CHARGEABLE_CHANNEL&refId=BWbiMS9cKDkiHSV7ZbyLUA%3D%3D&trackingId=n5AM7J9DkV%2BWZ1Caq9Qx2w%3D%3D&trk=flagship3_search_srp_jobs
,,https://www.linkedin.com/jobs/collections/recommended/?currentJobId=4185238025&eBP=CwEAAAGWDAPxSRU63EqrwroVzmnYkOrn93hWhTObvWVqGyl8FB3HQEt94tp22YZP368S3VKqE7uH0GuUabOFY9FrDPqkdm7dwl94YiiRGpD7RJcqFRdT9qiwuoH5rDa0tlVMSGb02LM2sUFHFCViIIx-zg7xCMtfD_t82B_39BZjP2gGrHUFCb9puWyNF8gv9egEfNWd6UaWNc6rAU7uaMjKmvPuyY8iTHbR5TMYgHHjZgAr_G-6Kr8T0kV-4CMuTUKIzp3l5UwecM7Xd2efDyvtzcBOal1zUi3n3sNlhXkQyT470RXXLRvhzVBFBuh8DCFfkMmldxitxM1lNwd-L3zaigRSrOcoqUPCGHUsowe9pvrInmQvKm9QUswuPwY8x4scavsg5D2bLdfg7dVxEfJvcpfPOkpp7BYoejL6I5ejIHrF9BjZRStFJFg-Dm-c0JpSM-WtF8C1FvulqzyOy6M0QKk&refId=2naO7WbWONAMgqvL9dI5QA%3D%3D&trackingId=U6kYh42KIfDyvMdisBKtng%3D%3D
,,https://www.linkedin.com/jobs/collections/recommended/?currentJobId=4190270001&eBP=CwEAAAGWDAPxSQ8Vv14zYle2VPB2s0GzmzJPhCfhPV9fJ68fVuLt_WanbZuf3-dSPBjUE6WfSRTdhRtmll1zL4APrg4_nLWoTtIpncD4cCWEzpb0rTzyMXrjuTh4os4pKpm5RGYbQhrxWfKhLKc1ka9jHpkcOEIRLQZiqoDtrn0Z3iOC63quOAgcZTaPTbcvMRQa2j-hCrt0QTeUVdjnxEoV18l8A7JIZQK5W-iFruH9HzjorRBz-fgh0ZaaSWoJ5Z_25qcnrgXnnSN4Et1J3Bg-yYSDwQ3uZNHwRZRLE_ad2sUUvPfj4bwy88PpFnMCcS9QLXwpgIia7c0qvA0mzUgOHPLTw2L9lD2aMgkh65LAx-KvVRUz0pjfpn-GBY0WLZyR3tKWg0FlkLAqzBne4QdzFbFhxKL5lNWAYaf4yQ6a4cbhUmucDYHamxFWlsI-wBeNqw3ydAx4gj1KGJIntdISPt6g66Bgh9fVGs1yNjtN&refId=2naO7WbWONAMgqvL9dI5QA%3D%3D&trackingId=MZxe2qtQ9JLukqLe1TQLnA%3D%3D
,,https://www.linkedin.com/jobs/collections/recommended/?currentJobId=4143450690&eBP=CwEAAAGWDAPxSYEz1ln3ztMCDKQFK-fWt3VKwUYbOUDxqPFTFhJpeSr5jt7echo-DEBcRVV3nM-yJu4DiTlAqh1er_oUZD2DME9ThaLa1xk77UTcpVYwhC7OhGNKk2hvx5kI18QiVH2UX0GZpWl_madz_azHeEem-zuBxbWMuRKSeE51xwQzdtJhG9syat-54NkKViUgj-3oK6QQAY5x4brrDCFN5SX3ycPYNVxs0nl1bKVYrOkQ3jqCHKjwpRrP-D9UtZBw3tPSv67_UaqUViYloSbpF1EEnI3sgVQEazGthhYl83xgCBshttaNA4Jf1xMz03pJr3a0HQaNE0C0WCmJfzXhb1GW833ddEQd8cY39jgv7c56fdmbngbRJxftyz64omsaQIZmZ72wYydIRuRHffJGybzHzgevu3h2bGsWb0ZTcvwp1WLBdBbA-uY8Ozs0hjWMxIfyATE1tlUgd6KgbVurqJouYePlEpkUjvF5&refId=2naO7WbWONAMgqvL9dI5QA%3D%3D&trackingId=WRUsvRJm5oi%2BsKl9uj7J5w%3D%3D
,,https://www.linkedin.com/jobs/collections/similar-jobs/?currentJobId=4198810331&eBP=CwEAAAGWDAPxmeODOXb7FxKcb81K63i8c-e_gsDHSAktgQXZftU_NgHC26RDX2ueFjLYdsXo8-4dLO58yxuhhWb4vdxCKGZq9KX5SzUTcUcoffQ4w0xfWP6NmzOYNSmK4VVUhng-6WxZwG60INk1GgDkMrchHwzl_CRA9Ri5lrpB91sGHTQHVdt_t_2LsY1GdQPnkrWYENNlK1bJ6PwVgirYXiYu79pmcZlrKGbmSl5ywp_1Ai3eKTFRWOHwy4OPafWali6tTOHoyfTjCRhoeK_aJFGTukfj0pLbN6pgkOP9mrS9VgDWz3wqXVHRNytsKIU_NGOokQ_Mw29Fk-aq93wcQaWc5YWt7uhDtEl5pN1IhdfsNNEZLufmKAUt4CVgkJQ9YxNJ98mkPO03ZyelmFbsAIY92gnoNeSrlYBBabBc44JObGj0op-PkdqMXRau6KA4RxvkMUNfx9xevGTaY93SB7-rCM9Z7xxDNcVkIHJ7v5ErU2hfLRIrCSJKuRjVrKHF_nHKlKM-qWwVTPA&refId=%2BF5EXWK9FAgkPhgR8chJGg%3D%3D&referenceJobId=4201035532&trackingId=VqP924%2Bw8GKr05xBCXikgw%3D%3D
,,https://www.linkedin.com/jobs/collections/similar-jobs/?currentJobId=4193451523&eBP=CwEAAAGWDAPxmddsNpYqlTOhlXBaf7RGol-GXJXdJlS6wXLyKoCDhkHNCxY0oq4IcoHHhfsRVUgUv4CVyaWXRFx1MzsnHJegdPDEzYvl9KcRR70TBqbs2O-jCeYxxDlwCPvDu0PT4UpLFFGJy_iCoi00P78xVIQDnfynK8aLLVZjAeppyslskhw4rQjVjbKzb7G_5vVtDhu_L00SwG8I8QCrBCfJZ3aGFdQ9Tw--VLyTs6-TWdlX_XAcFaIXkK7Q0Le3xvPwDVcevSV7IdPegFAjZfFnUEvc9MafaiVQfaOcZ1UpKZoLsLIBu2YAnCmmvA6SPbgkGwUo2VqLlfHMWXHm01NG2UzZ10fR-gh8BZlH1kW4lDc1ZIBgP884CXgPnhBpPrXnAwaQhe8kzKEhJJEhhnZvz_EZAltdn3Kc&refId=%2BF5EXWK9FAgkPhgR8chJGg%3D%3D&referenceJobId=4201035532&trackingId=J18RKRwl7cGEz4E4ajYxnA%3D%3D
,,https://www.linkedin.com/jobs/collections/similar-jobs/?currentJobId=4181830014&eBP=CwEAAAGWDAPxmr3B_CTIDdXWyaSJqHgqAk_RgtYLS1xAx5_YDlJaZ7pSfNt_XpeNiTVLP72vqWC_d-kmijf6aevETVg3FfiOhUNotc2x74_11k2DCPQNgNY9XQnnjf3zUjmzhk5RFX7fIUcsZO9JwkCrxrhqzejyvcZJQZD3ppbjdVwlCCjncStAhxjE2MPIMGfzcOeDNnW6zbWpMZRdV1QmmEI3fGvjs2YCVPKp2iqFd2bAv8oRZ7tFsZthXGnnHeSUuHE01DVvn-n7FUzNT-4yHon2wlS6tVXwq9uF3zp2Dqam1wd9ZahRKFcKirfDoyYygPv9s9I_dHAoFVBKv2U-rgcc3HW_uZrUBPilfGroBj4gzKuhoWXd6Wc1-mrK0zzyVIupWcQ0aiAQ1veNn76yVyfFCv16QRzqapAw3xSppBqiiCx7ILFVLC374QCEsNv19g8teodGiqIbn7njwc9yuKwDWsZoaVBWA8mfgmyzgbx6lXfhKdpRUIrbqQ&refId=%2BF5EXWK9FAgkPhgR8chJGg%3D%3D&referenceJobId=4201035532&trackingId=yyhjJ0%2BfgrsuS5eVe9I98w%3D%3D
,,https://www.linkedin.com/jobs/search/?alertAction=viewjobs&currentJobId=4202217424&eBP=NON_CHARGEABLE_CHANNEL&f_C=14545619%2C80230390&geoId=92000000&origin=JOBS_HOME_JOB_ALERTS&originToLandingJobPostings=4092231186%2C4184542783%2C4184544485%2C4092225931%2C4181115449%2C4169915995%2C4184547051%2C3807192815%2C4161014986&refId=1b99Euwo6g%2FL1n%2FvPPdFng%3D%3D&savedSearchId=3942019673&start=275&trackingId=jJQdvOb498Izvd7d4WAwug%3D%3D
,,https://www.linkedin.com/jobs/search/?alertAction=viewjobs&currentJobId=4202218183&eBP=NON_CHARGEABLE_CHANNEL&f_C=14545619%2C80230390&geoId=92000000&origin=JOBS_HOME_JOB_ALERTS&originToLandingJobPostings=4092231186%2C4184542783%2C4184544485%2C4092225931%2C4181115449%2C4169915995%2C4184547051%2C3807192815%2C4161014986&refId=1b99Euwo6g%2FL1n%2FvPPdFng%3D%3D&savedSearchId=3942019673&start=275&trackingId=Yms12ezLqeMd%2FMTH1jKuZw%3D%3D
,,https://www.linkedin.com/jobs/search/?alertAction=viewjobs&currentJobId=4202763471&eBP=NON_CHARGEABLE_CHANNEL&f_C=14545619%2C80230390&geoId=92000000&origin=JOBS_HOME_JOB_ALERTS&originToLandingJobPostings=4092231186%2C4184542783%2C4184544485%2C4092225931%2C4181115449%2C4169915995%2C4184547051%2C3807192815%2C4161014986&refId=1b99Euwo6g%2FL1n%2FvPPdFng%3D%3D&savedSearchId=3942019673&start=275&trackingId=rbKR3XjHVKk%2FGk1FQnb5uw%3D%3D
,,https://www.linkedin.com/jobs/search/?currentJobId=4202204494&eBP=NON_CHARGEABLE_CHANNEL&f_C=14545619%2C80230390&f_TPR=r604800&f_WT=2&geoId=101282230&origin=JOBS_HOME_REMOTE_JOBS&originToLandingJobPostings=4092231186%2C4184542783%2C4184544485%2C4092225931%2C4181115449%2C4169915995%2C4184547051%2C3807192815%2C4161014986&refId=KwS9pVxGMJqItsjx%2Be2z3Q%3D%3D&start=275&trackingId=B9ekDRbEfwoKkdVGY2%2Bkuw%3D%3D
,,https://www.linkedin.com/jobs/search/?currentJobId=4198569005&eBP=NON_CHARGEABLE_CHANNEL&f_C=14545619%2C80230390&f_TPR=r604800&f_WT=2&geoId=101282230&origin=JOBS_HOME_REMOTE_JOBS&originToLandingJobPostings=4092231186%2C4184542783%2C4184544485%2C4092225931%2C4181115449%2C4169915995%2C4184547051%2C3807192815%2C4161014986&refId=KwS9pVxGMJqItsjx%2Be2z3Q%3D%3D&start=275&trackingId=bOsVUna7vP5dIJ8NZStoVA%3D%3D
,,https://www.linkedin.com/jobs/search/?currentJobId=4200173201&eBP=NON_CHARGEABLE_CHANNEL&f_C=14545619%2C80230390&f_TPR=r604800&f_WT=2&geoId=101282230&origin=JOBS_HOME_REMOTE_JOBS&originToLandingJobPostings=4092231186%2C4184542783%2C4184544485%2C4092225931%2C4181115449%2C4169915995%2C4184547051%2C3807192815%2C4161014986&refId=KwS9pVxGMJqItsjx%2Be2z3Q%3D%3D&start=275&trackingId=lBPPPbf7cQu6oqjsuKG%2BLg%3D%3D
